_id,_masterCharacterId,_name,_type,_masterSkillCenterId,_masterSkillId,_rarity,_hp,_smile,_cool,_pure,_illustId,_evolveIllustId,_masterCardLevelId,_uniqueBackgroundFileName,_evolveUniqueBackgroundFileName,_getCategory,_masterCardSysVoiceId,_albumUnitMId,_priority,_masterReleaseLabelId
10010001,1001,發起人,1,100001,10010001,1,2,3767,2968,3265,01001_0001_00,01001_0001_01,1,,,1,0,0,1,1
10010002,1001,勇往直前！,2,200001,10010002,1,2,3102,2899,3999,01001_0002_00,01001_0002_01,1,,,1,0,0,1,1
10010003,1001,積極樂觀,3,300001,10010003,1,2,3235,3774,2991,01001_0003_00,01001_0003_01,1,,,1,0,0,1,1
10010004,1001,精神最重要,2,200001,10010004,1,2,3005,3085,3910,01001_0004_00,01001_0004_01,1,,,1,0,0,1,1
10010005,1001,練習準備！,3,300001,10010005,1,2,3130,3634,3236,01001_0005_00,01001_0005_01,1,,,1,0,0,1,1
10010006,1001,一起唱歌吧,1,100001,10010006,1,2,3600,3113,3287,01001_0006_00,01001_0006_01,1,,,1,0,0,1,1
10010007,1001,晚安笑容,2,200001,10010007,1,2,3224,3035,3741,01001_0007_00,01001_0007_01,1,,,1,0,0,1,1
10010008,1001,外出時的笑容,1,100001,10010008,1,2,3720,3337,2943,01001_0008_00,01001_0008_01,1,,,1,0,0,1,1
10010009,1001,要扣殺囉,3,300001,10010009,1,2,2992,4077,2931,01001_0009_00,01001_0009_01,1,,,1,0,0,1,1
10010010,1001,笑容全開！,1,100002,10010010,2,3,4599,3417,3484,01001_0010_00,01001_0010_01,2,b_card_0001,b_card_0074,1,0,0,1,1
10010011,1001,火焰之心,2,200002,10010011,2,3,3344,3471,4685,01001_0011_00,01001_0011_01,2,b_adv_0022,b_card_0031,1,0,0,1,1
10010012,1001,要把你吃掉囉？,3,300002,10010012,2,3,3665,4185,3650,01001_0012_00,01001_0012_01,2,b_card_0002,b_card_0039,1,0,0,1,1
10010013,1001,盛開的櫻花,1,100005,10010013,3,4,4769,3962,4269,01001_0013_00,01001_0013_01,3,,,1,10010013,0,1,1
10010014,1001,米飯水果！？,3,300003,10010014,3,4,4263,4693,4044,01001_0014_00,01001_0014_01,3,,,4,0,2051,1,1
10020001,1002,四分之一血統,1,100001,10020001,1,2,3867,3108,3025,01002_0001_00,01002_0001_01,1,,,1,0,0,1,1
10020002,1002,頭腦清晰,2,200001,10020002,1,2,3196,2943,3861,01002_0002_00,01002_0002_01,1,,,1,0,0,1,1
10020003,1002,大家的人氣王,3,300001,10020003,1,2,2962,3805,3233,01002_0003_00,01002_0003_01,1,,,1,0,0,1,1
10020004,1002,運動神經出眾,2,200001,10020004,1,2,3166,2807,4027,01002_0004_00,01002_0004_01,1,,,1,0,0,1,1
10020005,1002,責任感,3,300001,10020005,1,2,3063,3608,3329,01002_0005_00,01002_0005_01,1,,,1,0,0,1,1
10020006,1002,學生會長,1,100001,10020006,1,2,3926,2840,3234,01002_0006_00,01002_0006_01,1,,,1,0,0,1,1
10020007,1002,入睡之前,2,200001,10020007,1,2,3083,3008,3909,01002_0007_00,01002_0007_01,1,,,1,0,0,1,1
10020008,1002,要出門囉！,1,100001,10020008,1,2,4015,2866,3119,01002_0008_00,01002_0008_01,1,,,1,0,0,1,1
10020009,1002,一起加油吧♪,3,300001,10020009,1,2,3195,4009,2796,01002_0009_00,01002_0009_01,1,,,1,0,0,1,1
10020010,1002,Хорошо♪,1,100002,10020010,2,3,4487,3621,3392,01002_0010_00,01002_0010_01,2,b_card_0001,b_card_0074,1,0,0,1,1
10020011,1002,繪里的懺悔室,2,200002,10020011,2,3,3783,3385,4332,01002_0011_00,01002_0011_01,2,b_card_0008,b_card_0033,1,0,0,1,1
10020012,1002,狐狸嫁女,3,300002,10020012,2,3,3656,4281,3563,01002_0012_00,01002_0012_01,2,b_card_0011,b_card_0039,1,0,0,1,1
10020013,1002,黃昏的學生會室,3,300004,10020013,3,4,3954,5270,3776,01002_0013_00,01002_0013_01,3,,,1,10020013,0,1,1
10020014,1002,亞里沙的惡作劇？,2,200003,10020014,3,4,3958,4091,4951,01002_0014_00,01002_0014_01,3,,,4,0,1987,1,1
10030001,1003,溫柔穩重,1,100001,10030001,1,2,3940,2872,3188,01003_0001_00,01003_0001_01,1,,,1,0,0,1,1
10030002,1003,其實是女僕,2,200001,10030002,1,2,2938,3073,3989,01003_0002_00,01003_0002_01,1,,,1,0,0,1,1
10030003,1003,和小鳥一起玩吧♪,3,300001,10030003,1,2,3202,3717,3081,01003_0003_00,01003_0003_01,1,,,1,0,0,1,1
10030004,1003,準備好了！,2,200001,10030004,1,2,3200,3042,3758,01003_0004_00,01003_0004_01,1,,,1,0,0,1,1
10030005,1003,要上囉！,3,300001,10030005,1,2,3209,3635,3156,01003_0005_00,01003_0005_01,1,,,1,0,0,1,1
10030006,1003,♡的信號,1,100001,10030006,1,2,3764,2937,3299,01003_0006_00,01003_0006_01,1,,,1,0,0,1,1
10030007,1003,想睡的時間,2,200001,10030007,1,2,2987,2914,4099,01003_0007_00,01003_0007_01,1,,,1,0,0,1,1
10030008,1003,盛裝出門,1,100001,10030008,1,2,4028,2893,3079,01003_0008_00,01003_0008_01,1,,,1,0,0,1,1
10030009,1003,奔馳球場,3,300001,10030009,1,2,3323,3624,3053,01003_0009_00,01003_0009_01,1,,,1,0,0,1,1
10030010,1003,療癒女神,1,100002,10030010,2,3,4500,3609,3391,01003_0010_00,01003_0010_01,2,b_card_0001,b_card_0075,1,0,0,1,1
10030011,1003,美妙點心,2,200002,10030011,2,3,3668,3662,4170,01003_0011_00,01003_0011_01,2,b_adv_0022,b_card_0018,1,0,0,1,1
10030012,1003,綿羊的心情,3,300002,10030012,2,3,3667,4383,3450,01003_0012_00,01003_0012_01,2,b_card_0002,b_card_0039,1,0,0,1,1
10030013,1003,歡迎光臨♪,2,200004,10030013,3,4,3725,3960,5315,01003_0013_00,01003_0013_01,3,,,1,10030013,0,1,1
10030014,1003,不要搞錯喔～！,3,300003,10030014,3,4,4030,5285,3685,01003_0014_00,01003_0014_01,3,,,4,0,2052,1,1
10040001,1004,大和撫子,1,100001,10040001,1,2,3815,3193,2992,01004_0001_00,01004_0001_01,1,,,1,0,0,1,1
10040002,1004,日本舞宗家,2,200001,10040002,1,2,3061,3124,3815,01004_0002_00,01004_0002_01,1,,,1,0,0,1,1
10040003,1004,凜然端莊,3,300001,10040003,1,2,3081,3934,2985,01004_0003_00,01004_0003_01,1,,,1,0,0,1,1
10040004,1004,嚴格練習,2,200001,10040004,1,2,3114,2955,3931,01004_0004_00,01004_0004_01,1,,,1,0,0,1,1
10040005,1004,舒展身體,3,300001,10040005,1,2,2861,4081,3058,01004_0005_00,01004_0005_01,1,,,1,0,0,1,1
10040006,1004,大和撫子的微笑,1,100001,10040006,1,2,3732,3209,3059,01004_0006_00,01004_0006_01,1,,,1,0,0,1,1
10040007,1004,晚安問候,2,200001,10040007,1,2,3055,3273,3672,01004_0007_00,01004_0007_01,1,,,1,0,0,1,1
10040008,1004,健行者的回聲,1,100001,10040008,1,2,3796,2919,3285,01004_0008_00,01004_0008_01,1,,,1,0,0,1,1
10040009,1004,穿上白袍更俐落,3,300001,10040009,1,2,3022,3641,3337,01004_0009_00,01004_0009_01,1,,,1,0,0,1,1
10040010,1004,精神統一,1,100002,10040010,2,3,4452,3673,3375,01004_0010_00,01004_0010_01,2,b_card_0001,b_card_0013,1,0,0,1,1
10040011,1004,愛的束縛,2,200002,10040011,2,3,3471,3618,4411,01004_0011_00,01004_0011_01,2,b_adv_0022,b_card_0028,1,0,0,1,1
10040012,1004,幸運白兔,3,300002,10040012,2,3,3522,4678,3300,01004_0012_00,01004_0012_01,2,b_card_0004,b_card_0039,1,0,0,1,1
10040013,1004,通往無心,1,100004,10040013,3,4,4773,4158,4069,01004_0013_00,01004_0013_01,3,,,1,10040013,0,1,1
10040014,1004,心意合一,2,200003,10040014,3,4,4251,4013,4736,01004_0014_00,01004_0014_01,3,,,4,0,2053,1,1
10050001,1005,體育會系,1,100001,10050001,1,2,3821,3019,3160,01005_0001_00,01005_0001_01,1,,,1,0,0,1,1
10050002,1005,無論何時都開朗,2,200001,10050002,1,2,3180,2892,3928,01005_0002_00,01005_0002_01,1,,,1,0,0,1,1
10050003,1005,活力滿滿地跳躍☆,3,300001,10050003,1,2,3107,4073,2820,01005_0003_00,01005_0003_01,1,,,1,0,0,1,1
10050004,1005,準備萬端,2,200001,10050004,1,2,3352,2952,3696,01005_0004_00,01005_0004_01,1,,,1,0,0,1,1
10050005,1005,屋頂練習,3,300001,10050005,1,2,3275,3805,2920,01005_0005_00,01005_0005_01,1,,,1,0,0,1,1
10050006,1005,請多指教喵♪,1,100001,10050006,1,2,3915,3180,2905,01005_0006_00,01005_0006_01,1,,,1,0,0,1,1
10050007,1005,晚安準備,2,200001,10050007,1,2,3001,3191,3808,01005_0007_00,01005_0007_01,1,,,1,0,0,1,1
10050008,1005,一起去健行,1,100001,10050008,1,2,3751,3113,3136,01005_0008_00,01005_0008_01,1,,,1,0,0,1,1
10050009,1005,比拚時間,3,300001,10050009,1,2,3019,3809,3172,01005_0009_00,01005_0009_01,1,,,1,0,0,1,1
10050010,1005,μ's 的活力象徵,1,100002,10050010,2,3,4192,3481,3827,01005_0010_00,01005_0010_01,2,b_card_0001,b_card_0028,1,0,0,1,1
10050011,1005,請看凜喵♪,2,200002,10050011,2,3,3564,3272,4664,01005_0011_00,01005_0011_01,2,b_card_0005,b_card_0034,1,0,0,1,1
10050012,1005,善變小貓,3,300002,10050012,2,3,3508,4533,3459,01005_0012_00,01005_0012_01,2,b_card_0006,b_card_0039,1,0,0,1,1
10050013,1005,閃耀的屋頂,3,300004,10050013,3,4,4136,4958,3906,01005_0013_00,01005_0013_01,3,,,1,10050013,0,1,1
10050014,1005,第一次手作巧克力,1,100003,10050014,3,4,5229,3828,3943,01005_0014_00,01005_0014_01,3,,,4,0,2021,1,1
10060001,1006,大醫院的大小姐,1,100001,10060001,1,2,3748,3179,3073,01006_0001_00,01006_0001_01,1,,,1,0,0,1,1
10060002,1006,高飛車,2,200001,10060002,1,2,3136,3023,3841,01006_0002_00,01006_0002_01,1,,,1,0,0,1,1
10060003,1006,懷抱驕傲,3,300001,10060003,1,2,3216,3632,3152,01006_0003_00,01006_0003_01,1,,,1,0,0,1,1
10060004,1006,強勢地練習,2,200001,10060004,1,2,3301,2932,3767,01006_0004_00,01006_0004_01,1,,,1,0,0,1,1
10060005,1006,從伸展開始,3,300001,10060005,1,2,2944,3999,3057,01006_0005_00,01006_0005_01,1,,,1,0,0,1,1
10060006,1006,果敢發表意見,1,100001,10060006,1,2,4025,2960,3015,01006_0006_00,01006_0006_01,1,,,1,0,0,1,1
10060007,1006,明天的預定是,2,200001,10060007,1,2,2841,3071,4088,01006_0007_00,01006_0007_01,1,,,1,0,0,1,1
10060008,1006,大小姐出遊,1,100001,10060008,1,2,3775,2938,3287,01006_0008_00,01006_0008_01,1,,,1,0,0,1,1
10060009,1006,完成旋轉,3,300001,10060009,1,2,2955,3878,3167,01006_0009_00,01006_0009_01,1,,,1,0,0,1,1
10060010,1006,放學後的歌姬,1,100002,10060010,2,3,4433,3516,3551,01006_0010_00,01006_0010_01,2,b_card_0001,b_card_0033,1,0,0,1,1
10060011,1006,秘密診療室,2,200002,10060011,2,3,3697,3487,4316,01006_0011_00,01006_0011_01,2,b_adv_0022,b_card_0075,1,0,0,1,1
10060012,1006,下一個獵物就是你,3,300002,10060012,2,3,3563,4649,3288,01006_0012_00,01006_0012_01,2,b_card_0007,b_card_0039,1,0,0,1,1
10060013,1006,隔著手機的羞澀,2,200004,10060013,3,4,4107,4070,4823,01006_0013_00,01006_0013_01,3,,,1,10060013,0,1,1
10060014,1006,水果茶,3,300003,10060014,3,4,3984,4866,4150,01006_0014_00,01006_0014_01,3,,,4,0,2022,1,1
10070001,1007,意外地有謀略,1,100001,10070001,1,2,3880,3020,3100,01007_0001_00,01007_0001_01,1,,,1,0,0,1,1
10070002,1007,要把你也捲進來囉,2,200001,10070002,1,2,3075,2825,4100,01007_0002_00,01007_0002_01,1,,,1,0,0,1,1
10070003,1007,悠然自在,3,300001,10070003,1,2,2862,4066,3072,01007_0003_00,01007_0003_01,1,,,1,0,0,1,1
10070004,1007,耀眼光芒,2,200001,10070004,1,2,2920,3043,4037,01007_0004_00,01007_0004_01,1,,,1,0,0,1,1
10070005,1007,現在開始練習♪,3,300001,10070005,1,2,2982,4060,2958,01007_0005_00,01007_0005_01,1,,,1,0,0,1,1
10070006,1007,占卜的力量,1,100001,10070006,1,2,3648,3299,3053,01007_0006_00,01007_0006_01,1,,,1,0,0,1,1
10070007,1007,明天也請多指教,2,200001,10070007,1,2,3141,3209,3650,01007_0007_00,01007_0007_01,1,,,1,0,0,1,1
10070008,1007,外出日和,1,100001,10070008,1,2,3736,2955,3309,01007_0008_00,01007_0008_01,1,,,1,0,0,1,1
10070009,1007,要進攻囉,3,300001,10070009,1,2,3273,3854,2873,01007_0009_00,01007_0009_01,1,,,1,0,0,1,1
10070010,1007,靈性力量,1,100002,10070010,2,3,4564,3417,3519,01007_0010_00,01007_0010_01,2,b_card_0001,b_card_0074,1,0,0,1,1
10070011,1007,命運之牌,2,200002,10070011,2,3,3440,3781,4279,01007_0011_00,01007_0011_01,2,b_adv_0022,b_card_0033,1,0,0,1,1
10070012,1007,裝睡♪,3,300002,10070012,2,3,3583,4310,3607,01007_0012_00,01007_0012_01,2,b_card_0009,b_card_0039,1,0,0,1,1
10070013,1007,灑落的光芒,1,100004,10070013,3,4,4954,4084,3962,01007_0013_00,01007_0013_01,3,,,1,10070013,0,1,1
10070014,1007,希望有驚喜☆,2,200003,10070014,3,4,4202,3816,4982,01007_0014_00,01007_0014_01,3,,,4,0,1988,1,1
10080001,1008,最喜歡白米,1,100001,10080001,1,2,3970,3061,2969,01008_0001_00,01008_0001_01,1,,,1,0,0,1,1
10080002,1008,雖然沒有自信,2,200001,10080002,1,2,2954,3047,3999,01008_0002_00,01008_0002_01,1,,,1,0,0,1,1
10080003,1008,對偶像的憧憬,3,300001,10080003,1,2,3035,3764,3201,01008_0003_00,01008_0003_01,1,,,1,0,0,1,1
10080004,1008,我會加油！,2,200001,10080004,1,2,2993,3127,3880,01008_0004_00,01008_0004_01,1,,,1,0,0,1,1
10080005,1008,想要進步,3,300001,10080005,1,2,3083,3831,3086,01008_0005_00,01008_0005_01,1,,,1,0,0,1,1
10080006,1008,怕生,1,100001,10080006,1,2,4017,3121,2862,01008_0006_00,01008_0006_01,1,,,1,0,0,1,1
10080007,1008,一個人會寂寞,2,200001,10080007,1,2,3076,3143,3781,01008_0007_00,01008_0007_01,1,,,1,0,0,1,1
10080008,1008,期待出門,1,100001,10080008,1,2,3843,3219,2938,01008_0008_00,01008_0008_01,1,,,1,0,0,1,1
10080009,1008,整顆蜜柑,3,300001,10080009,1,2,3268,3827,2905,01008_0009_00,01008_0009_01,1,,,1,0,0,1,1
10080010,1008,剛煮好的白飯♪,1,100002,10080010,2,3,4460,3632,3408,01008_0010_00,01008_0010_01,2,b_card_0001,b_card_0028,1,0,0,1,1
10080011,1008,您點的餐點來了♪,2,200002,10080011,2,3,3594,3202,4704,01008_0011_00,01008_0011_01,2,b_card_0003,b_card_0023,1,0,0,1,1
10080012,1008,不可思議的共鳴,3,300002,10080012,2,3,3322,4681,3497,01008_0012_00,01008_0012_01,2,b_card_0012,b_card_0043,1,0,0,1,1
10080013,1008,對 µ's 的心意,3,300004,10080013,3,4,4123,4952,3925,01008_0013_00,01008_0013_01,3,,,1,10080013,0,1,1
10080014,1008,閃亮唇彩,1,100003,10080014,3,4,4678,4265,4057,01008_0014_00,01008_0014_01,3,,,4,0,2023,1,1
10090001,1009,偶像宅,1,100001,10090001,1,2,3706,2950,3344,01009_0001_00,01009_0001_01,1,,,1,0,0,1,1
10090002,1009,日夜努力,2,200001,10090002,1,2,2902,3257,3841,01009_0002_00,01009_0002_01,1,,,1,0,0,1,1
10090003,1009,可愛舉止,3,300001,10090003,1,2,3094,3922,2984,01009_0003_00,01009_0003_01,1,,,1,0,0,1,1
10090004,1009,妮可會加油！,2,200001,10090004,1,2,2856,3135,4009,01009_0004_00,01009_0004_01,1,,,1,0,0,1,1
10090005,1009,努力就交給我,3,300001,10090005,1,2,2854,4045,3101,01009_0005_00,01009_0005_01,1,,,1,0,0,1,1
10090006,1009,大家的妮可妮可妮,1,100001,10090006,1,2,3839,3104,3057,01009_0006_00,01009_0006_01,1,,,1,0,0,1,1
10090007,1009,緊緊抱住,2,200001,10090007,1,2,3049,3349,3602,01009_0007_00,01009_0007_01,1,,,1,0,0,1,1
10090008,1009,久等了♪,1,100001,10090008,1,2,3859,2883,3258,01009_0008_00,01009_0008_01,1,,,1,0,0,1,1
10090009,1009,鍛鍊身心,3,300001,10090009,1,2,2851,3935,3214,01009_0009_00,01009_0009_01,1,,,1,0,0,1,1
10090010,1009,妮可妮可妮,1,100002,10090010,2,3,4310,3609,3581,01009_0010_00,01009_0010_01,2,b_card_0001,b_card_0028,1,0,0,1,1
10090011,1009,我來教你♪,2,200002,10090011,2,3,3499,3564,4437,01009_0011_00,01009_0011_01,2,b_card_0008,b_card_0028,1,0,0,1,1
10090012,1009,妮可是人氣王,3,300002,10090012,2,3,3744,4346,3410,01009_0012_00,01009_0012_01,2,b_card_0002,b_card_0039,1,0,0,1,1
10090013,1009,值得感謝的講座,2,200004,10090013,3,4,3754,4011,5235,01009_0013_00,01009_0013_01,3,,,1,10090013,0,1,1
10090014,1009,西瓜蛋糕？,3,300003,10090014,3,4,3839,5164,3997,01009_0014_00,01009_0014_01,3,,,4,0,1989,1,1
20010001,2001,憧憬的學園偶像,2,200001,20010001,1,2,3256,2951,3793,02001_0001_00,02001_0001_01,1,,,1,0,0,1,1
20010002,2001,夢想成真！,1,100001,20010002,1,2,3982,3042,2976,02001_0002_00,02001_0002_01,1,,,1,0,0,1,1
20010003,2001,總得試試看,3,300001,20010003,1,2,3124,3873,3003,02001_0003_00,02001_0003_01,1,,,1,0,0,1,1
20010004,2001,不服輸,2,200001,20010004,1,2,3307,3049,3644,02001_0004_00,02001_0004_01,1,,,1,0,0,1,1
20010005,2001,遠出的準備,1,100001,20010005,1,2,3779,2929,3292,02001_0005_00,02001_0005_01,1,,,1,0,0,1,1
20010006,2001,傳遞我的心意,3,300001,20010006,1,2,3036,4080,2884,02001_0006_00,02001_0006_01,1,,,1,0,0,1,1
20010007,2001,水泳日和！,2,200001,20010007,1,2,3289,3088,3623,02001_0007_00,02001_0007_01,1,,,1,0,0,1,1
20010008,2001,蜜柑力量量！,1,100002,20010008,2,3,4224,3467,3809,02001_0008_00,02001_0008_01,2,b_card_0045,b_adv_0019,1,0,0,1,1
20010009,2001,梳毛時間！,2,200002,20010009,2,3,3483,3608,4409,02001_0009_00,02001_0009_01,2,b_card_0085,b_st_0004,1,0,0,1,1
20010010,2001,無尾熊小睡,3,300002,20010010,2,3,3513,4440,3547,02001_0010_00,02001_0010_01,2,b_card_0041,b_card_0078,1,0,0,1,1
20010011,2001,練習後邊走邊聊,1,100006,20010011,3,4,5181,3778,4041,02001_0011_00,02001_0011_01,3,,,1,20010011,0,1,1
20010012,2001,橘色人魚,2,200003,20010012,3,4,4022,3870,5108,02001_0012_00,02001_0012_01,3,,,4,0,2034,1,1
20020001,2002,成為大家的力量,2,200001,20020001,1,2,2980,3063,3957,02002_0001_00,02002_0001_01,1,,,1,0,0,1,1
20020002,2002,來自都市的轉學生,1,100001,20020002,1,2,3834,3255,2911,02002_0002_00,02002_0002_01,1,,,1,0,0,1,1
20020003,2002,一起玩得開心吧！,3,300001,20020003,1,2,3170,3677,3153,02002_0003_00,02002_0003_01,1,,,1,0,0,1,1
20020004,2002,流了一身汗呢,2,200001,20020004,1,2,3065,2971,3964,02002_0004_00,02002_0004_01,1,,,1,0,0,1,1
20020005,2002,前往各種地方,1,100001,20020005,1,2,4009,2816,3175,02002_0005_00,02002_0005_01,1,,,1,0,0,1,1
20020006,2002,盡情玩吧,3,300001,20020006,1,2,2946,3747,3307,02002_0006_00,02002_0006_01,1,,,1,0,0,1,1
20020007,2002,喜歡上的內浦,3,300001,20020007,1,2,3146,4089,2765,02002_0007_00,02002_0007_01,1,,,1,0,0,1,1
20020008,2002,邁向全新的自己,1,100002,20020008,2,3,4430,3717,3353,02002_0008_00,02002_0008_01,2,b_card_0046,b_adv_0019,1,0,0,1,1
20020009,2002,打針時間,2,200002,20020009,2,3,3474,3604,4422,02002_0009_00,02002_0009_01,2,b_card_0061,b_st_0004,1,0,0,1,1
20020010,2002,表演搭檔,3,300002,20020010,2,3,3427,4602,3471,02002_0010_00,02002_0010_01,2,b_card_0041,b_card_0078,1,0,0,1,1
20020011,2002,三重奏旋律,3,300004,20020011,3,4,4060,5028,3912,02002_0011_00,02002_0011_01,3,,,1,20020011,0,1,1
20020012,2002,蘋果的誘惑,1,100003,20020012,3,4,4930,4155,3915,02002_0012_00,02002_0012_01,3,,,4,0,2035,1,1
20030001,2003,成熟的性格,2,200001,20030001,1,2,3108,3202,3690,02003_0001_00,02003_0001_01,1,,,1,0,0,1,1
20030002,2003,店鋪幫手,1,100001,20030002,1,2,3996,2901,3103,02003_0002_00,02003_0002_01,1,,,1,0,0,1,1
20030003,2003,要出門嗎？,3,300001,20030003,1,2,2827,3954,3219,02003_0003_00,02003_0003_01,1,,,1,0,0,1,1
20030004,2003,把頭髮綁起來,2,200001,20030004,1,2,3090,3040,3870,02003_0004_00,02003_0004_01,1,,,1,0,0,1,1
20030005,2003,不遠千里,1,100001,20030005,1,2,3642,3137,3221,02003_0005_00,02003_0005_01,1,,,1,0,0,1,1
20030006,2003,機能性出眾,3,300001,20030006,1,2,3124,3856,3020,02003_0006_00,02003_0006_01,1,,,1,0,0,1,1
20030007,2003,衝浪也很拿手,1,100001,20030007,1,2,3624,3057,3319,02003_0007_00,02003_0007_01,1,,,1,0,0,1,1
20030008,2003,試穿服裝,1,100002,20030008,2,3,4646,3317,3537,02003_0008_00,02003_0008_01,2,b_adv_0018,b_adv_0019,1,0,0,1,1
20030009,2003,不論多少次都要加油♪,2,200002,20030009,2,3,3333,3679,4488,02003_0009_00,02003_0009_01,2,b_card_0056,b_adv_0019,1,0,0,1,1
20030010,2003,被大自然吸引,3,300002,20030010,2,3,3750,4318,3432,02003_0010_00,02003_0010_01,2,b_card_0055,b_card_0078,1,0,0,1,1
20030011,2003,撫過臉頰的海風,2,200004,20030011,3,4,4081,3838,5081,02003_0011_00,02003_0011_01,3,,,1,20030011,0,1,1
20030012,2003,無名指,3,300003,20030012,3,4,4229,4809,3962,02003_0012_00,02003_0012_01,3,,,4,0,2005,1,1
20040001,2004,名家的子女,2,200001,20040001,1,2,3230,3139,3631,02004_0001_00,02004_0001_01,1,,,1,0,0,1,1
20040002,2004,完美主義者,1,100001,20040002,1,2,3775,3236,2989,02004_0002_00,02004_0002_01,1,,,1,0,0,1,1
20040003,2004,不允許歪曲之事,3,300001,20040003,1,2,3212,3931,2857,02004_0003_00,02004_0003_01,1,,,1,0,0,1,1
20040004,2004,優勝目指,2,200001,20040004,1,2,3070,3207,3723,02004_0004_00,02004_0004_01,1,,,1,0,0,1,1
20040005,2004,要遠行到哪裡？,1,100001,20040005,1,2,4089,2919,2992,02004_0005_00,02004_0005_01,1,,,1,0,0,1,1
20040006,2004,在水門碰頭,3,300001,20040006,1,2,3177,3994,2829,02004_0006_00,02004_0006_01,1,,,1,0,0,1,1
20040007,2004,照耀內浦的光,1,100001,20040007,1,2,3708,3316,2976,02004_0007_00,02004_0007_01,1,,,1,0,0,1,1
20040008,2004,堅持 2cm！,1,100002,20040008,2,3,4692,3555,3253,02004_0008_00,02004_0008_01,2,b_card_0047,b_adv_0019,1,0,0,1,1
20040009,2004,我們是 Aqours！,2,200002,20040009,2,3,3476,3754,4270,02004_0009_00,02004_0009_01,2,b_card_0056,b_adv_0019,1,0,0,1,1
20040010,2004,歷史的扭轉,3,300002,20040010,2,3,3758,4281,3461,02004_0010_00,02004_0010_01,2,b_card_0055,b_card_0078,1,0,0,1,1
20040011,2004,姉的日課,1,100004,20040011,3,4,5180,4072,3748,02004_0011_00,02004_0011_01,3,,,1,20040011,0,1,1
20040012,2004,小心狼,2,200003,20040012,3,4,3749,3943,5308,02004_0012_00,02004_0012_01,3,,,4,0,2006,1,1
20050001,2005,敬禮！,2,200001,20050001,1,2,3201,2911,3888,02005_0001_00,02005_0001_01,1,,,1,0,0,1,1
20050002,2005,船長志望,1,100001,20050002,1,2,4099,3086,2815,02005_0002_00,02005_0002_01,1,,,1,0,0,1,1
20050003,2005,千歌的蜜柑,3,300001,20050003,1,2,3076,3659,3265,02005_0003_00,02005_0003_01,1,,,1,0,0,1,1
20050004,2005,船出的時間,2,200001,20050004,1,2,2948,3101,3951,02005_0004_00,02005_0004_01,1,,,1,0,0,1,1
20050005,2005,電車以出發！,1,100001,20050005,1,2,4095,2776,3129,02005_0005_00,02005_0005_01,1,,,1,0,0,1,1
20050006,2005,打擾了♪,3,300001,20050006,1,2,2952,3700,3348,02005_0006_00,02005_0006_01,1,,,1,0,0,1,1
20050007,2005,海水浴場向,2,200001,20050007,1,2,3147,3027,3826,02005_0007_00,02005_0007_01,1,,,1,0,0,1,1
20050008,2005,製作服裝,1,100002,20050008,2,3,4166,3829,3505,02005_0008_00,02005_0008_01,2,b_card_0048,b_adv_0019,1,0,0,1,1
20050009,2005,再靠近一點,2,200002,20050009,2,3,3723,3484,4293,02005_0009_00,02005_0009_01,2,b_card_0056,b_adv_0019,1,0,0,1,1
20050010,2005,犯人就是你！,3,300002,20050010,2,3,3522,4718,3260,02005_0010_00,02005_0010_01,2,b_card_0060,b_st_0004,1,0,0,1,1
20050011,2005,閃耀的水面,3,300004,20050011,3,4,3886,4888,4226,02005_0011_00,02005_0011_01,3,,,1,20050011,0,1,1
20050012,2005,新娘倒數計時,1,100003,20050012,3,4,4705,3974,4321,02005_0012_00,02005_0012_01,3,,,4,0,2036,1,1
20060001,2006,夜羽登場！,2,200001,20060001,1,2,3166,3207,3627,02006_0001_00,02006_0001_01,1,,,1,0,0,1,1
20060002,2006,墮天使夜羽,1,100001,20060002,1,2,3704,3297,2999,02006_0002_00,02006_0002_01,1,,,1,0,0,1,1
20060003,2006,罪孽深重的惡魔,3,300001,20060003,1,2,2875,4079,3046,02006_0003_00,02006_0003_01,1,,,1,0,0,1,1
20060004,2006,堕☆天,2,200001,20060004,1,2,3174,3187,3639,02006_0004_00,02006_0004_01,1,,,1,0,0,1,1
20060005,2006,這只是暫時的姿態！,1,100001,20060005,1,2,3959,3059,2982,02006_0005_00,02006_0005_01,1,,,1,0,0,1,1
20060006,2006,要不要一起墮天？,3,300001,20060006,1,2,3192,3712,3096,02006_0006_00,02006_0006_01,1,,,1,0,0,1,1
20060007,2006,浜邊的堕天使,3,300001,20060007,1,2,3257,3670,3073,02006_0007_00,02006_0007_01,1,,,1,0,0,1,1
20060008,2006,罪孽深重的黑暗禮服,1,100002,20060008,2,3,4421,3573,3506,02006_0008_00,02006_0008_01,2,b_card_0049,b_adv_0019,1,0,0,1,1
20060009,2006,極上堕天使的應援,2,200002,20060009,2,3,3502,3626,4372,02006_0009_00,02006_0009_01,2,b_card_0056,b_adv_0019,1,0,0,1,1
20060010,2006,暗黑魔術,3,300002,20060010,2,3,3478,4639,3383,02006_0010_00,02006_0010_01,2,b_card_0033,b_st_0004,1,0,0,1,1
20060011,2006,墮天使猜拳,2,200004,20060011,3,4,4071,3931,4998,02006_0011_00,02006_0011_01,3,,,1,20060011,0,1,1
20060012,2006,煉獄的紅焔向的降臨,3,300003,20060012,3,4,3994,5223,3783,02006_0012_00,02006_0012_01,3,,,4,0,1951,1,1
20070001,2007,寺院之女,2,200001,20070001,1,2,3141,3189,3670,02007_0001_00,02007_0001_01,1,,,1,0,0,1,1
20070002,2007,讀書最喜歡,1,100001,20070002,1,2,3836,3051,3113,02007_0002_00,02007_0002_01,1,,,1,0,0,1,1
20070003,2007,休日是図書館向,3,300001,20070003,1,2,3147,3842,3011,02007_0003_00,02007_0003_01,1,,,1,0,0,1,1
20070004,2007,我也會加油,2,200001,20070004,1,2,2863,3100,4037,02007_0004_00,02007_0004_01,1,,,1,0,0,1,1
20070005,2007,文學少女出遊,1,100001,20070005,1,2,3896,3078,3026,02007_0005_00,02007_0005_01,1,,,1,0,0,1,1
20070006,2007,聖歌隊的練習後,3,300001,20070006,1,2,2949,3925,3126,02007_0006_00,02007_0006_01,1,,,1,0,0,1,1
20070007,2007,内浦的浅瀨以,1,100001,20070007,1,2,3850,2990,3160,02007_0007_00,02007_0007_01,1,,,1,0,0,1,1
20070008,2007,本是財産,1,100002,20070008,2,3,4206,3734,3560,02007_0008_00,02007_0008_01,2,b_card_0050,b_adv_0019,1,0,0,1,1
20070009,2007,每天都是大冒險♪,2,200002,20070009,2,3,3598,3749,4153,02007_0009_00,02007_0009_01,2,b_card_0055,b_card_0078,1,0,0,1,1
20070010,2007,把球變成方形,3,300002,20070010,2,3,3725,4218,3557,02007_0010_00,02007_0010_01,2,b_card_0063,b_st_0004,1,0,0,1,1
20070011,2007,午餐之後,1,100004,20070011,3,4,4877,4127,3996,02007_0011_00,02007_0011_01,3,,,1,20070011,0,1,1
20070012,2007,不褪色的美麗,2,200003,20070012,3,4,4009,4181,4810,02007_0012_00,02007_0012_01,3,,,4,0,1952,1,1
20080001,2008,你好♪,2,200001,20080001,1,2,2891,3097,4012,02008_0001_00,02008_0001_01,1,,,1,0,0,1,1
20080002,2008,理事長,1,100001,20080002,1,2,3665,3137,3198,02008_0002_00,02008_0002_01,1,,,1,0,0,1,1
20080003,2008,閃亮☆,3,300001,20080003,1,2,3092,3715,3193,02008_0003_00,02008_0003_01,1,,,1,0,0,1,1
20080004,2008,無所畏懼的挑戰者,2,200001,20080004,1,2,3346,2976,3678,02008_0004_00,02008_0004_01,1,,,1,0,0,1,1
20080005,2008,騎馬課程,1,100001,20080005,1,2,3859,3020,3121,02008_0005_00,02008_0005_01,1,,,1,0,0,1,1
20080006,2008,和鞠莉一起出門,3,300001,20080006,1,2,3159,4078,2763,02008_0006_00,02008_0006_01,1,,,1,0,0,1,1
20080007,2008,內浦最棒♪,3,300001,20080007,1,2,3151,3807,3042,02008_0007_00,02008_0007_01,1,,,1,0,0,1,1
20080008,2008,度假穿搭,1,100002,20080008,2,3,4547,3338,3615,02008_0008_00,02008_0008_01,2,b_card_0051,b_adv_0019,1,0,0,1,1
20080009,2008,愛的調剤,2,200002,20080009,2,3,3244,3643,4613,02008_0009_00,02008_0009_01,2,b_card_0061,b_st_0004,1,0,0,1,1
20080010,2008,炙熱熱情,3,300002,20080010,2,3,3362,4594,3544,02008_0010_00,02008_0010_01,2,b_card_0041,b_card_0078,1,0,0,1,1
20080011,2008,風光芒明媚,3,300004,20080011,3,4,4086,4760,4154,02008_0011_00,02008_0011_01,3,,,1,20080011,0,1,1
20080012,2008,水果嘉年華♪,1,100003,20080012,3,4,4797,3980,4223,02008_0012_00,02008_0012_01,3,,,4,0,2007,1,1
20090001,2009,愛哭鬼,2,200001,20090001,1,2,3103,2805,4092,02009_0001_00,02009_0001_01,1,,,1,0,0,1,1
20090002,2009,即使膽小,1,100001,20090002,1,2,3660,3059,3281,02009_0002_00,02009_0002_01,1,,,1,0,0,1,1
20090003,2009,得意的裁縫,3,300001,20090003,1,2,3108,3951,2941,02009_0003_00,02009_0003_01,1,,,1,0,0,1,1
20090004,2009,偶像目指,2,200001,20090004,1,2,3156,2832,4012,02009_0004_00,02009_0004_01,1,,,1,0,0,1,1
20090005,2009,一起去遠方吧,1,100001,20090005,1,2,3719,3228,3053,02009_0005_00,02009_0005_01,1,,,1,0,0,1,1
20090006,2009,等待姊姊,3,300001,20090006,1,2,2860,3892,3248,02009_0006_00,02009_0006_01,1,,,1,0,0,1,1
20090007,2009,砂浜的温度,2,200001,20090007,1,2,2884,3263,3853,02009_0007_00,02009_0007_01,1,,,1,0,0,1,1
20090008,2009,我辦得到！,1,100002,20090008,2,3,4516,3604,3380,02009_0008_00,02009_0008_01,2,b_card_0052,b_adv_0019,1,0,0,1,1
20090009,2009,目標是啦啦隊女孩,2,200002,20090009,2,3,3542,3760,4198,02009_0009_00,02009_0009_01,2,b_card_0056,b_adv_0019,1,0,0,1,1
20090010,2009,露比的勇氣,3,300002,20090010,2,3,3556,4382,3562,02009_0010_00,02009_0010_01,2,b_card_0041,b_card_0078,1,0,0,1,1
20090011,2009,貪睡鬼,2,200004,20090011,3,4,4249,4054,4697,02009_0011_00,02009_0011_01,3,,,1,20090011,0,1,1
20090012,2009,花朵是亮點,3,300003,20090012,3,4,3982,4735,4283,02009_0012_00,02009_0012_01,3,,,4,0,1953,1,1
30010001,3001,優雅地,1,100001,30010001,1,2,3671,3226,3103,03001_0001_00,03001_0001_01,1,,,1,0,0,1,1
30010002,3001,一步一步,2,200001,30010002,1,2,3228,2983,3789,03001_0002_00,03001_0002_01,1,,,1,0,0,1,1
30010003,3001,努力量家,3,300001,30010003,1,2,2907,4025,3068,03001_0003_00,03001_0003_01,1,,,1,0,0,1,1
30010004,3001,夜空中綻放的花,1,100002,30010004,2,3,4267,3708,3525,03001_0004_00,03001_0004_01,2,b_card_0013,b_adv_0019,1,0,0,1,1
30010005,3001,清涼綻放的花,2,200002,30010005,2,3,3600,3402,4498,03001_0005_00,03001_0005_01,2,b_card_0081,b_card_0074,1,0,0,1,1
30010006,3001,復活節兔兔♡,3,300002,30010006,2,3,3576,4202,3722,03001_0006_00,03001_0006_01,2,b_card_0003,b_adv_0021,1,0,0,1,1
30010007,3001,就在你身邊,3,300007,30010007,3,4,4136,4805,4059,03001_0007_00,03001_0007_01,3,,,1,30010007,0,1,1
30020001,3002,小惡魔,1,100001,30020001,1,2,4101,3024,2875,03002_0001_00,03002_0001_01,1,,,1,0,0,1,1
30020002,3002,霞霞♡,2,200001,30020002,1,2,2986,3318,3696,03002_0002_00,03002_0002_01,1,,,1,0,0,1,1
30020003,3002,可愛研究,3,300001,30020003,1,2,2831,3970,3199,03002_0003_00,03002_0003_01,1,,,1,0,0,1,1
30020004,3002,金絲雀霞霞,1,100002,30020004,2,3,4216,3688,3596,03002_0004_00,03002_0004_01,2,b_card_0013,b_adv_0019,1,0,0,1,1
30020005,3002,健康可愛,2,200002,30020005,2,3,3436,3359,4705,03002_0005_00,03002_0005_01,2,b_card_0081,b_card_0074,1,0,0,1,1
30020006,3002,和霞霞一起找吧♪,3,300002,30020006,2,3,3367,4431,3702,03002_0006_00,03002_0006_01,2,b_card_0003,b_adv_0021,1,0,0,1,1
30020007,3002,彩虹餐包,1,100004,30020007,3,4,4799,4265,3936,03002_0007_00,03002_0007_01,3,,,1,30020007,0,1,1
30030001,3003,紅色緞帶,1,100001,30030001,1,2,3629,3230,3141,03003_0001_00,03003_0001_01,1,,,1,0,0,1,1
30030002,3003,可靠的人,2,200001,30030002,1,2,3095,3015,3890,03003_0002_00,03003_0002_01,1,,,1,0,0,1,1
30030003,3003,演劇部兼部,3,300001,30030003,1,2,3060,3626,3314,03003_0003_00,03003_0003_01,1,,,1,0,0,1,1
30030004,3003,紺碧女主角,1,100002,30030004,2,3,4302,3421,3777,03003_0004_00,03003_0004_01,2,b_card_0013,b_adv_0019,1,0,0,1,1
30030005,3003,尋求清涼,2,200002,30030005,2,3,3547,3508,4445,03003_0005_00,03003_0005_01,2,b_card_0081,b_card_0074,1,0,0,1,1
30030006,3003,茶會小憩,3,300002,30030006,2,3,3663,4248,3589,03003_0006_00,03003_0006_01,2,b_card_0003,b_adv_0021,1,0,0,1,1
30030007,3003,真實的自己,2,200004,30030007,3,4,3906,4293,4801,03003_0007_00,03003_0007_01,3,,,1,30030007,0,1,1
30040001,3004,讀者模特兒,1,100001,30040001,1,2,4070,3030,2900,03004_0001_00,03004_0001_01,1,,,1,0,0,1,1
30040002,3004,可靠的存在,2,200001,30040002,1,2,3048,3202,3750,03004_0002_00,03004_0002_01,1,,,1,0,0,1,1
30040003,3004,自律克己,3,300001,30040003,1,2,3066,3788,3146,03004_0003_00,03004_0003_01,1,,,1,0,0,1,1
30040004,3004,薰香夏扇,1,100002,30040004,2,3,4455,3543,3502,03004_0004_00,03004_0004_01,2,b_card_0013,b_adv_0019,1,0,0,1,1
30040005,3004,情熱是胸的奥,2,200002,30040005,2,3,3355,3693,4452,03004_0005_00,03004_0005_01,2,b_card_0081,b_card_0074,1,0,0,1,1
30040006,3004,偶爾也要可愛,3,300002,30040006,2,3,3414,4547,3539,03004_0006_00,03004_0006_01,2,b_card_0003,b_adv_0021,1,0,0,1,1
30040007,3004,追求品質,3,300004,30040007,3,4,3960,5024,4016,03004_0007_00,03004_0007_01,3,,,1,30040007,0,1,1
30050001,3005,大家的太陽,1,100001,30050001,1,2,3931,3168,2901,03005_0001_00,03005_0001_01,1,,,1,0,0,1,1
30050002,3005,幫手,2,200001,30050002,1,2,3030,3034,3936,03005_0002_00,03005_0002_01,1,,,1,0,0,1,1
30050003,3005,向上心,3,300001,30050003,1,2,2841,3971,3188,03005_0003_00,03005_0003_01,1,,,1,0,0,1,1
30050004,3005,真夏的太陽,1,100002,30050004,2,3,4263,3594,3643,03005_0004_00,03005_0004_01,2,b_card_0013,b_adv_0019,1,0,0,1,1
30050005,3005,綻放笑容與水氣球,2,200002,30050005,2,3,3622,3280,4598,03005_0005_00,03005_0005_01,2,b_card_0081,b_card_0074,1,0,0,1,1
30050006,3005,快樂復活節！,3,300002,30050006,2,3,3265,4693,3542,03005_0006_00,03005_0006_01,2,b_card_0003,b_adv_0021,1,0,0,1,1
30050007,3005,節奏變換,1,100004,30050007,3,4,4871,3888,4241,03005_0007_00,03005_0007_01,3,,,1,30050007,0,1,1
30060001,3006,自己的步調,1,100001,30060001,1,2,3940,3070,2990,03006_0001_00,03006_0001_01,1,,,1,0,0,1,1
30060002,3006,睡呼呼……,2,200001,30060002,1,2,3067,3078,3855,03006_0002_00,03006_0002_01,1,,,1,0,0,1,1
30060003,3006,姉與,3,300001,30060003,1,2,2927,3878,3195,03006_0003_00,03006_0003_01,1,,,1,0,0,1,1
30060004,3006,夏天也前往夢之國,1,100002,30060004,2,3,4511,3642,3347,03006_0004_00,03006_0004_01,2,b_card_0013,b_adv_0019,1,0,0,1,1
30060005,3006,朝凪的出門,2,200002,30060005,2,3,3796,3417,4287,03006_0005_00,03006_0005_01,2,b_card_0081,b_card_0074,1,0,0,1,1
30060006,3006,兔兔為你帶路,3,300002,30060006,2,3,3473,4671,3356,03006_0006_00,03006_0006_01,2,b_card_0003,b_adv_0021,1,0,0,1,1
30060007,3006,姉妹的食卓,2,200004,30060007,3,4,3848,3959,5193,03006_0007_00,03006_0007_01,3,,,1,30060007,0,1,1
30070001,3007,熱血真面目,1,100001,30070001,1,2,3865,3007,3128,03007_0001_00,03007_0001_01,1,,,1,0,0,1,1
30070002,3007,變身英雄,2,200001,30070002,1,2,3289,2894,3817,03007_0002_00,03007_0002_01,1,,,1,0,0,1,1
30070003,3007,炙熱的心,3,300001,30070003,1,2,3294,3643,3063,03007_0003_00,03007_0003_01,1,,,1,0,0,1,1
30070004,3007,在太陽下閃耀,1,100002,30070004,2,3,4700,3536,3264,03007_0004_00,03007_0004_01,2,b_card_0013,b_adv_0019,1,0,0,1,1
30070005,3007,紅緋風車,2,200002,30070005,2,3,3799,3533,4168,03007_0005_00,03007_0005_01,2,b_card_0081,b_card_0074,1,0,0,1,1
30070006,3007,發現彩蛋♪,3,300002,30070006,2,3,3436,4564,3500,03007_0006_00,03007_0006_01,2,b_card_0003,b_adv_0021,1,0,0,1,1
30070007,3007,想傳達『最喜歡』！,3,300004,30070007,3,4,3802,5139,4059,03007_0007_00,03007_0007_01,3,,,1,30070007,0,1,1
30080001,3008,溫和又有自己的步調,1,100001,30080001,1,2,4018,3014,2968,03008_0001_00,03008_0001_01,1,,,1,0,0,1,1
30080002,3008,瑞士的空氣,2,200001,30080002,1,2,3205,3109,3686,03008_0002_00,03008_0002_01,1,,,1,0,0,1,1
30080003,3008,大家的支柱,3,300001,30080003,1,2,2963,3994,3043,03008_0003_00,03008_0003_01,1,,,1,0,0,1,1
30080004,3008,夏日樹影下,1,100002,30080004,2,3,4539,3480,3481,03008_0004_00,03008_0004_01,2,b_card_0013,b_adv_0019,1,0,0,1,1
30080005,3008,刨冰的清涼感,2,200002,30080005,2,3,3534,3713,4253,03008_0005_00,03008_0005_01,2,b_card_0081,b_card_0074,1,0,0,1,1
30080006,3008,找到可愛的蛋了,3,300002,30080006,2,3,3518,4401,3581,03008_0006_00,03008_0006_01,2,b_card_0003,b_adv_0021,1,0,0,1,1
30080007,3008,清爽的樹影陽光,1,100004,30080007,3,4,5327,3807,3866,03008_0007_00,03008_0007_01,3,,,1,30080007,0,1,1
30090001,3009,想做的事,1,100001,30090001,1,2,3594,3070,3336,03009_0001_00,03009_0001_01,1,,,1,0,0,1,1
30090002,3009,連繫心情,2,200001,30090002,1,2,2982,3078,3940,03009_0002_00,03009_0002_01,1,,,1,0,0,1,1
30090003,3009,璃奈板,3,300001,30090003,1,2,2987,3833,3180,03009_0003_00,03009_0003_01,1,,,1,0,0,1,1
30090004,3009,璃奈團扇,1,100002,30090004,2,3,4323,3728,3449,03009_0004_00,03009_0004_01,2,b_card_0013,b_adv_0019,1,0,0,1,1
30090005,3009,到避暑地納涼,2,200002,30090005,2,3,3670,3660,4170,03009_0005_00,03009_0005_01,2,b_card_0081,b_card_0074,1,0,0,1,1
30090006,3009,復活節氣球,3,300002,30090006,2,3,3558,4442,3500,03009_0006_00,03009_0006_01,2,b_card_0003,b_adv_0021,1,0,0,1,1
30090007,3009,照顧散步幹部,2,200004,30090007,3,4,3810,3916,5274,03009_0007_00,03009_0007_01,3,,,1,30090007,0,1,1
30100001,3010,夢想的開始,1,100001,30100001,1,2,3757,2955,3288,03010_0001_00,03010_0001_01,1,,,1,0,0,1,1
30100002,3010,為了大家,2,200001,30100002,1,2,3093,3098,3809,03010_0002_00,03010_0002_01,1,,,1,0,0,1,1
30100003,3010,不斷努力,3,300001,30100003,1,2,2790,4032,3178,03010_0003_00,03010_0003_01,1,,,1,0,0,1,1
30100004,3010,微風中的花萌蔥,1,100002,30100004,2,3,4378,3496,3626,03010_0004_00,03010_0004_01,2,b_card_0013,b_adv_0019,1,0,0,1,1
30100005,3010,在半日陰下綻放,2,200002,30100005,2,3,3587,3490,4423,03010_0005_00,03010_0005_01,2,b_card_0081,b_card_0074,1,0,0,1,1
30100006,3010,復活的象徴,3,300002,30100006,2,3,3369,4423,3708,03010_0006_00,03010_0006_01,2,b_card_0003,b_adv_0021,1,0,0,1,1
30100007,3010,唯有精進,3,300004,30100007,3,4,4111,4704,4185,03010_0007_00,03010_0007_01,3,,,1,30100007,0,1,1
30110001,3011,跳級轉學生,1,100001,30110001,1,2,3840,2942,3218,03011_0001_00,03011_0001_01,1,,,1,0,0,1,1
30110002,3011,紐約客,2,200001,30110002,1,2,3307,2987,3706,03011_0002_00,03011_0002_01,1,,,1,0,0,1,1
30110003,3011,我的歌曲,3,300001,30110003,1,2,2908,3870,3222,03011_0003_00,03011_0003_01,1,,,1,0,0,1,1
30110004,3011,浴衣挑戰,1,100002,30110004,2,3,4610,3345,3545,03011_0004_00,03011_0004_01,2,b_card_0013,b_adv_0019,1,0,0,1,1
30110005,3011,清爽彈珠汽水,2,200002,30110005,2,3,3820,3511,4169,03011_0005_00,03011_0005_01,2,b_card_0081,b_card_0074,1,0,0,1,1
30110006,3011,彩蛋在哪裡？,3,300002,30110006,2,3,3703,4384,3413,03011_0006_00,03011_0006_01,2,b_card_0003,b_adv_0021,1,0,0,1,1
30110007,3011,渾身的作曲,1,100004,30110007,3,4,4815,4179,4006,03011_0007_00,03011_0007_01,3,,,1,30110007,0,1,1
30120001,3012,沒問題啦！,1,100001,30120001,1,2,4048,2794,3158,03012_0001_00,03012_0001_01,1,,,1,0,0,1,1
30120002,3012,香港出身,2,200001,30120002,1,2,3014,2909,4077,03012_0002_00,03012_0002_01,1,,,1,0,0,1,1
30120003,3012,什麼都做得到,3,300001,30120003,1,2,3167,3945,2888,03012_0003_00,03012_0003_01,1,,,1,0,0,1,1
30120004,3012,輕盈的步伐,1,100002,30120004,2,3,4661,3368,3471,03012_0004_00,03012_0004_01,2,b_card_0013,b_adv_0019,1,0,0,1,1
30120005,3012,脆脆蘋果糖,2,200002,30120005,2,3,3380,3717,4403,03012_0005_00,03012_0005_01,2,b_card_0081,b_card_0074,1,0,0,1,1
30120006,3012,水果三明治,3,300002,30120006,2,3,3676,4155,3669,03012_0006_00,03012_0006_01,2,b_card_0003,b_adv_0021,1,0,0,1,1
30120007,3012,既是對手也是夥伴,2,200004,30120007,3,4,4124,3946,4930,03012_0007_00,03012_0007_01,3,,,1,30120007,0,1,1
40010001,4001,不放棄的心情,1,100001,40010001,1,2,3861,2923,3216,04001_0001_00,04001_0001_01,1,,,1,0,0,1,1
40010002,4001,喜歡唱歌,2,200001,40010002,1,2,3092,2832,4076,04001_0002_00,04001_0002_01,1,,,1,0,0,1,1
40010003,4001,在家歌唱,3,300001,40010003,1,2,3089,3807,3104,04001_0003_00,04001_0003_01,1,,,1,0,0,1,1
40010004,4001,讓大家打起精神,1,100002,40010004,2,3,4457,3676,3367,04001_0004_00,04001_0004_01,2,b_card_0084,b_st_0004,1,0,0,1,1
40010005,4001,有點害羞也沒關係,2,200002,40010005,2,3,3428,3720,4352,04001_0005_00,04001_0005_01,2,b_card_0073,b_card_0013,1,0,0,1,1
40010006,4001,前往原宿,3,300002,40010006,2,3,3501,4166,3833,04001_0006_00,04001_0006_01,2,b_card_0082,b_card_0083,1,0,0,1,1
40010007,4001,心意胸,1,100008,40010007,3,4,5292,3855,3853,04001_0007_00,04001_0007_01,3,,,1,40010007,0,1,1
40020001,4002,一直線！,1,100001,40020001,1,2,3617,3318,3065,04002_0001_00,04002_0001_01,1,,,1,0,0,1,1
40020002,4002,上海出身,2,200001,40020002,1,2,3084,3089,3827,04002_0002_00,04002_0002_01,1,,,1,0,0,1,1
40020003,4002,在家打扮,3,300001,40020003,1,2,3163,3910,2927,04002_0003_00,04002_0003_01,1,,,1,0,0,1,1
40020004,4002,我會全力以赴！,1,100002,40020004,2,3,4379,3458,3663,04002_0004_00,04002_0004_01,2,b_card_0084,b_st_0004,1,0,0,1,1
40020005,4002,充滿力量的熱情家,2,200002,40020005,2,3,3518,3736,4246,04002_0005_00,04002_0005_01,2,b_card_0073,b_card_0013,1,0,0,1,1
40020006,4002,隨性地決定☆,3,300002,40020006,2,3,3541,4499,3460,04002_0006_00,04002_0006_01,2,b_card_0082,b_card_0083,1,0,0,1,1
40020007,4002,服裝造型師,3,300004,40020007,3,4,3825,4983,4192,04002_0007_00,04002_0007_01,3,,,1,40020007,0,1,1
40030001,4003,舞蹈擔當,1,100001,40030001,1,2,4048,2917,3035,04003_0001_00,04003_0001_01,1,,,1,0,0,1,1
40030002,4003,喜歡圓圓的東西,2,200001,40030002,1,2,3293,3093,3614,04003_0002_00,04003_0002_01,1,,,1,0,0,1,1
40030003,4003,在家驚喜,3,300001,40030003,1,2,3063,3804,3133,04003_0003_00,04003_0003_01,1,,,1,0,0,1,1
40030004,4003,一起跳舞吧,1,100002,40030004,2,3,4463,3354,3683,04003_0004_00,04003_0004_01,2,b_card_0084,b_st_0004,1,0,0,1,1
40030005,4003,要吃章魚燒嗎？,2,200002,40030005,2,3,3643,3326,4531,04003_0005_00,04003_0005_01,2,b_card_0073,b_card_0013,1,0,0,1,1
40030006,4003,輕快的問候♪,3,300002,40030006,2,3,3418,4471,3611,04003_0006_00,04003_0006_01,2,b_card_0082,b_card_0083,1,0,0,1,1
40030007,4003,前輩的舞步,2,200004,40030007,3,4,3777,4028,5195,04003_0007_00,04003_0007_01,3,,,1,40030007,0,1,1
40040001,4004,演藝精神,1,100001,40040001,1,2,3936,2971,3093,04004_0001_00,04004_0001_01,1,,,1,0,0,1,1
40040002,4004,王牌般的存在,2,200001,40040002,1,2,3114,3134,3752,04004_0002_00,04004_0002_01,1,,,1,0,0,1,1
40040003,4004,在家乾杯☆,3,300001,40040003,1,2,2985,3636,3379,04004_0003_00,04004_0003_01,1,,,1,0,0,1,1
40040004,4004,銀河！,1,100002,40040004,2,3,4628,3340,3532,04004_0004_00,04004_0004_01,2,b_card_0084,b_st_0004,1,0,0,1,1
40040005,4004,重返表舞台,2,200002,40040005,2,3,3544,3800,4156,04004_0005_00,04004_0005_01,2,b_card_0073,b_card_0013,1,0,0,1,1
40040006,4004,踩著厚底鞋前進！,3,300002,40040006,2,3,3597,4267,3636,04004_0006_00,04004_0006_01,2,b_card_0082,b_card_0083,1,0,0,1,1
40040007,4004,雙臂滿滿,1,100004,40040007,3,4,5052,3842,4106,04004_0007_00,04004_0007_01,3,,,1,40040007,0,1,1
40050001,4005,優等生,1,100001,40050001,1,2,3664,3305,3031,04005_0001_00,04005_0001_01,1,,,1,0,0,1,1
40050002,4005,大小姐,2,200001,40050002,1,2,3249,2907,3844,04005_0002_00,04005_0002_01,1,,,1,0,0,1,1
40050003,4005,裝飾家裡,3,300001,40050003,1,2,3146,4034,2820,04005_0003_00,04005_0003_01,1,,,1,0,0,1,1
40050004,4005,不懈努力,1,100002,40050004,2,3,4248,3512,3740,04005_0004_00,04005_0004_01,2,b_card_0084,b_st_0004,1,0,0,1,1
40050005,4005,成為大家的模範,2,200002,40050005,2,3,3644,3547,4309,04005_0005_00,04005_0005_01,2,b_card_0073,b_card_0013,1,0,0,1,1
40050006,4005,輕鬆休閒穿搭,3,300002,40050006,2,3,3454,4206,3840,04005_0006_00,04005_0006_01,2,b_card_0082,b_card_0083,1,0,0,1,1
40050007,4005,母親留下的結丘,3,300004,40050007,3,4,3878,4947,4175,04005_0007_00,04005_0007_01,3,,,1,40050007,0,1,1
40060001,4006,北的大地從,1,100001,40060001,1,2,3817,2979,3204,04006_0001_00,04006_0001_01,1,,,1,0,0,1,1
40060002,4006,開朗大方,2,200001,40060002,1,2,3150,3244,3606,04006_0002_00,04006_0002_01,1,,,1,0,0,1,1
40060003,4006,在家休息,3,300001,40060003,1,2,3032,3913,3055,04006_0003_00,04006_0003_01,1,,,1,0,0,1,1
40060004,4006,閃亮目指,1,100002,40060004,2,3,4429,3552,3519,04006_0004_00,04006_0004_01,2,b_card_0084,b_st_0004,1,0,0,1,1
40060005,4006,我會努力的！,2,200002,40060005,2,3,3441,3772,4287,04006_0005_00,04006_0005_01,2,b_card_0073,b_card_0013,1,0,0,1,1
40060006,4006,搭配少女風,3,300002,40060006,2,3,3857,4152,3491,04006_0006_00,04006_0006_01,2,b_card_0082,b_card_0083,1,0,0,1,1
40060007,4006,地上 230 公尺,2,200004,40060007,3,4,4042,4197,4761,04006_0007_00,04006_0007_01,3,,,1,40060007,0,1,1
40070001,4007,想試試看,1,100001,40070001,1,2,3683,3061,3256,04007_0001_00,04007_0001_01,1,,,1,0,0,1,1
40070002,4007,四季與共,2,200001,40070002,1,2,2910,3289,3801,04007_0002_00,04007_0002_01,1,,,1,0,0,1,1
40070003,4007,在家派對,3,300001,40070003,1,2,3268,3856,2876,04007_0003_00,04007_0003_01,1,,,1,0,0,1,1
40070004,4007,……應援請多指教,1,100002,40070004,2,3,4391,3371,3738,04007_0004_00,04007_0004_01,2,b_card_0084,b_st_0004,1,0,0,1,1
40070005,4007,我也朝夢想前進,2,200002,40070005,2,3,3604,3240,4656,04007_0005_00,04007_0005_01,2,b_card_0073,b_card_0013,1,0,0,1,1
40070006,4007,酷打扮,3,300002,40070006,2,3,3351,4408,3741,04007_0006_00,04007_0006_01,2,b_card_0082,b_card_0083,1,0,0,1,1
40070007,4007,即將完成,1,100004,40070007,3,4,4976,3847,4177,04007_0007_00,04007_0007_01,3,,,1,40070007,0,1,1
40080001,4008,科學部兼務,1,100001,40080001,1,2,3649,3262,3089,04008_0001_00,04008_0001_01,1,,,1,0,0,1,1
40080002,4008,與芽衣一起,2,200001,40080002,1,2,3055,3289,3656,04008_0002_00,04008_0002_01,1,,,1,0,0,1,1
40080003,4008,在家悠閒,3,300001,40080003,1,2,3043,3887,3070,04008_0003_00,04008_0003_01,1,,,1,0,0,1,1
40080004,4008,冷靜沉著又神祕,1,100002,40080004,2,3,4476,3384,3640,04008_0004_00,04008_0004_01,2,b_card_0084,b_st_0004,1,0,0,1,1
40080005,4008,熱鬧也不壞,2,200002,40080005,2,3,3557,3490,4453,04008_0005_00,04008_0005_01,2,b_card_0073,b_card_0013,1,0,0,1,1
40080006,4008,一張也很有型,3,300002,40080006,2,3,3249,4671,3580,04008_0006_00,04008_0006_01,2,b_card_0082,b_card_0083,1,0,0,1,1
40080007,4008,放課後的科學室,3,300004,40080007,3,4,4095,4736,4169,04008_0007_00,04008_0007_01,3,,,1,40080007,0,1,1
40090001,4009,鬼塚補給品,1,100001,40090001,1,2,3728,3040,3232,04009_0001_00,04009_0001_01,1,,,1,0,0,1,1
40090002,4009,錢的氣味,2,200001,40090002,1,2,2935,3132,3933,04009_0002_00,04009_0002_01,1,,,1,0,0,1,1
40090003,4009,在家心情雀躍,3,300001,40090003,1,2,2953,4064,2983,04009_0003_00,04009_0003_01,1,,,1,0,0,1,1
40090004,4009,炒熱氣氛！,1,100002,40090004,2,3,4321,3495,3684,04009_0004_00,04009_0004_01,2,b_card_0084,b_st_0004,1,0,0,1,1
40090005,4009,找到的新夢想,2,200002,40090005,2,3,3571,3252,4677,04009_0005_00,04009_0005_01,2,b_card_0073,b_card_0013,1,0,0,1,1
40090006,4009,甜♡辣和平,3,300002,40090006,2,3,3433,4638,3429,04009_0006_00,04009_0006_01,2,b_card_0082,b_card_0083,1,0,0,1,1
40090007,4009,鬼夏直播中！,2,200004,40090007,3,4,4062,4208,4730,04009_0007_00,04009_0007_01,3,,,1,40090007,0,1,1
40010008,4001,雲端之上永遠晴朗,3,300003,40010008,3,4,4111,5089,3956,04001_0008_00,04001_0008_01,3,,,4,0,1000,1,223121515
40020008,4002,心動不如馬上行動,2,200003,40020008,3,4,4257,3869,5030,04002_0008_00,04002_0008_01,3,,,4,0,1000,1,223121515
40030008,4003,笑門來福,1,100003,40030008,3,4,5066,3865,4225,04003_0008_00,04003_0008_01,3,,,4,0,1000,1,223121515
40040008,4004,一念通天,2,200003,40040008,3,4,4045,4057,5054,04004_0008_00,04004_0008_01,3,,,4,0,1000,1,223121515
40050008,4005,勿忘初心,1,100003,40050008,3,4,5072,3977,4107,04005_0008_00,04005_0008_01,3,,,4,0,1000,1,223121515
40060008,4006,七跌八起,3,300003,40060008,3,4,3943,5028,4185,04006_0008_00,04006_0008_01,3,,,4,0,1000,1,223121515
40070008,4007,一生懸命,2,200003,40070008,3,4,3943,4169,5044,04007_0008_00,04007_0008_01,3,,,4,0,1000,1,223121515
40080008,4008,沈黙是金,1,100003,40080008,3,4,5046,3930,4180,04008_0008_00,04008_0008_01,3,,,4,0,1000,1,223121515
40090008,4009,謊言也是方便法,3,300003,40090008,3,4,4194,4951,4011,04009_0008_00,04009_0008_01,3,,,4,0,1000,1,223121515
10010015,1001,奇蹟演唱會！,2,200003,10010015,3,4,3804,3883,4663,01001_0015_00,01001_0015_01,3,,,0,10010015,0,1,1
20010013,2001,奇蹟演唱會☆,3,300003,20010013,3,4,3725,4594,4031,02001_0013_00,02001_0013_01,3,,,0,20010013,0,1,1
30010009,3001,奇蹟演唱會♡,1,100003,30010009,3,4,4907,3824,3619,03001_0009_00,03001_0009_01,3,,,0,30010009,0,1,1
40010009,4001,奇蹟演唱會♪,2,200003,40010009,3,4,3771,3851,4728,04001_0009_00,04001_0009_01,3,,,0,40010009,0,1,1
40090009,4009,來上課囉,1,100004,40090009,3,4,5012,4062,3952,04009_0009_00,04009_0009_01,3,,,1,40090009,0,1,223041902
40020009,4002,旋轉冰淇淋,1,100008,40020009,3,4,4727,4157,4142,04002_0009_00,04002_0009_01,3,,,1,40020009,0,1,223041902
40030009,4003,活力量出♪,1,100003,40030009,3,4,5135,3771,4120,04003_0009_00,04003_0009_01,3,,,2,40030009,0,1,223041904
10010016,1001,運動飲料,3,300004,10010016,3,4,4315,4740,3971,01001_0016_00,01001_0016_01,3,,,1,10010016,0,1,223043003
10020015,1002,新作！動物最中,3,300005,10020015,3,4,4000,4929,4097,01002_0015_00,01002_0015_01,3,,,1,10020015,0,1,223043003
10090015,1009,µ's 與我,3,300003,10090015,3,4,4011,4792,4223,01009_0015_00,01009_0015_01,3,,,2,10090015,0,1,223043005
20010014,2001,試戴眼鏡中,2,200004,20010014,3,4,4071,3879,5076,02001_0014_00,02001_0014_01,3,,,1,20010014,0,1,223051503
20020013,2002,請吃一口,2,200006,20020013,3,4,3827,4045,5154,02002_0013_00,02002_0013_01,3,,,1,20020013,0,1,223051503
20070013,2007,商店街美食邊走邊吃,2,200003,20070013,3,4,4095,3842,5089,02007_0013_00,02007_0013_01,3,,,2,20070013,0,1,223051505
40010010,4001,幸福蘋果派,3,300004,40010010,3,4,4150,4716,4160,04001_0010_00,04001_0010_01,3,,,1,40010010,0,1,223050104
30050009,3005,驚喜ＢＢＱ,2,200004,30050009,3,4,3980,4047,4999,03005_0009_00,03005_0009_01,3,,,1,30050009,0,1,223053002
30060009,3006,事前勘查後的睡呼呼,3,300004,30060009,3,4,3789,5356,3907,03006_0009_00,03006_0009_01,3,,,1,30060009,0,1,223053103
30080009,3008,響徹天空的療癒之聲,3,300007,30080009,3,4,3802,5307,3943,03008_0009_00,03008_0009_01,3,,,1,30080009,0,1,223053103
30090009,3009,高難度演唱會,3,300003,30090009,3,4,3878,4963,4211,03009_0009_00,03009_0009_01,3,,,1,30090009,0,1,223053105
20030013,2003,最喜歡這片海,1,100004,20030013,3,4,5216,4045,3791,02003_0013_00,02003_0013_01,3,,,1,20030013,0,1,223061503
20040013,2004,貝殼浮具,1,100006,20040013,3,4,5226,3853,3973,02004_0013_00,02004_0013_01,3,,,1,20040013,0,1,223061503
20090013,2009,打不破的西瓜,1,100003,20090013,3,4,4937,4042,4073,02009_0013_00,02009_0013_01,3,,,1,20090013,0,1,223061505
10070015,1007,雨天生日,3,300004,10070015,3,4,4021,5262,3769,01007_0015_00,01007_0015_01,3,,,1,10070015,0,1,223060902
20080013,2008,雨後紫陽花,1,100004,20080013,3,4,5251,3817,3984,02008_0013_00,02008_0013_01,3,,,1,20080013,0,1,223061302
40080009,4008,鍬形蟲蛋糕,1,100004,40080009,3,4,5266,4048,3738,04008_0009_00,04008_0009_01,3,,,1,40080009,0,1,223061702
30040009,3004,朝從驚喜！,2,200004,30040009,3,4,3993,3748,5311,03004_0009_00,03004_0009_01,3,,,1,30040009,0,1,223062902
10070016,1007,梅田的街以,1,100003,10070016,3,4,4492,3993,3865,01007_0016_00,01007_0016_01,3,,,0,0,1988,1,223070703
40040009,4004,宛如好萊塢明星,2,200008,40040009,3,4,3839,3880,5359,04004_0009_00,04004_0009_01,3,,,1,40040009,0,1,223063003
40050009,4005,夏空沙灘排球,2,200004,40050009,3,4,4044,3734,5300,04005_0009_00,04005_0009_01,3,,,1,40050009,0,1,223063003
40060010,4006,被高浪嚇到,2,200003,40060010,3,4,4185,3987,4906,04006_0010_00,04006_0010_01,3,,,2,40060010,0,1,223063005
30010010,3001,在泳池邊休息,2,200004,30010010,3,4,3805,3990,5283,03001_0010_00,03001_0010_01,3,,,1,30010010,0,1,223071504
30100009,3010,滑水道泳池,2,200007,30100009,3,4,3994,3831,5253,03010_0009_00,03010_0009_01,3,,,1,30100009,0,1,223071504
30020009,3002,海的中以虎視眈々,2,200003,30020009,3,4,4015,4346,4717,03002_0009_00,03002_0009_01,3,,,2,30020009,0,1,223071506
20060014,2006,滿懷感謝,1,100004,20060014,3,4,5318,3847,3913,02006_0014_00,02006_0014_01,3,,,1,20060014,0,1,223071302
40020010,4002,Sunny Passion 驚喜,3,300004,40020010,3,4,4014,5273,3791,04002_0010_00,04002_0010_01,3,,,1,40020010,0,1,223071703
10090016,1009,車站前響起的連彈,1,100004,10090016,3,4,5352,3713,4013,01009_0016_00,01009_0016_01,3,,,1,10090016,0,1,223072202
10030016,1003,接近夏日尾聲,1,100004,10030016,3,4,5223,3949,3932,01003_0016_00,01003_0016_01,3,,,1,10030016,0,1,223073103
10050015,1005,乘興衝浪,1,100005,10050015,3,4,5335,3940,3829,01005_0015_00,01005_0015_01,3,,,1,10050015,0,1,223073103
10040016,1004,沙灘旗競賽,1,100003,10040016,3,4,4796,4297,4011,01004_0016_00,01004_0016_01,3,,,2,10040016,0,1,223073105
40070010,4007,撈金魚,3,300004,40070010,3,4,3944,5291,3869,04007_0010_00,04007_0010_01,3,,,1,40070010,0,1,223081503
40080010,4008,為芽衣百發百中,3,300008,40080010,3,4,3817,5353,3934,04008_0010_00,04008_0010_01,3,,,1,40080010,0,1,223081503
40010011,4001,夜空大輪的花,3,300003,40010011,3,4,4257,4819,4028,04001_0011_00,04001_0011_01,3,,,2,40010011,0,1,223081505
20010015,2001,在巴士搖晃中,3,300004,20010015,3,4,3852,5180,4072,02001_0015_00,02001_0015_01,3,,,1,20010015,0,1,223080103
10010017,1001,幼馴染從的手紙,2,200004,10010017,3,4,3908,3962,5234,01001_0017_00,01001_0017_01,3,,,1,10010017,0,1,223080304
40090010,4009,抓住長長的鼻子,3,300004,40090010,3,4,4020,5372,3712,04009_0010_00,04009_0010_01,3,,,1,40090010,0,1,223080702
30070009,3007,動畫歌卡拉OK派對,2,200004,30070009,3,4,3708,4024,5372,03007_0009_00,03007_0009_01,3,,,1,30070009,0,1,223080802
20060015,2006,黑暗力量聚集之地,3,300004,20060015,3,4,3752,5304,4074,02006_0015_00,02006_0015_01,3,,,1,20060015,0,1,223083103
20080014,2008,眺望遙遠的月亮,3,300006,20080014,3,4,3801,5367,3962,02008_0014_00,02008_0014_01,3,,,1,20080014,0,1,223083103
20050014,2005,芒草的沙沙聲,3,300003,20050014,3,4,4219,5004,3907,02005_0014_00,02005_0014_01,3,,,2,20050014,0,1,223083105
10060015,1006,納涼之夜,2,200004,10060015,3,4,4023,3728,5379,01006_0015_00,01006_0015_01,3,,,1,10060015,0,1,223091503
10070017,1007,前往神田的納涼船,2,200005,10070017,3,4,3895,3871,5364,01007_0017_00,01007_0017_01,3,,,1,10070017,0,1,223091503
10080016,1008,能吃幾盤？,2,200003,10080016,3,4,4136,4115,4879,01008_0016_00,01008_0016_01,3,,,2,10080016,0,1,223091505
10030017,1003,兩人的角色扮演拍貼♡,1,100004,10030017,3,4,5361,4059,3710,01003_0017_00,01003_0017_01,3,,,1,10030017,0,1,223091202
20020014,2002,飛舞的海鷗,1,100004,20020014,3,4,5379,3745,4006,02002_0014_00,02002_0014_01,3,,,1,20020014,0,1,223091902
20090014,2009,秋季新作甜點,3,300004,20090014,3,4,3835,5221,4074,02009_0014_00,02009_0014_01,3,,,1,20090014,0,1,223092102
40040010,4004,為哈密瓜著迷♡,3,300004,40040010,3,4,3873,5252,4005,04004_0010_00,04004_0010_01,3,,,1,40040010,0,1,223092802
30120010,3012,萬聖節下午茶,1,100004,30120010,3,4,5384,3849,3923,03012_0010_00,03012_0010_01,3,,,1,30120010,0,1,223093003
30110010,3011,驚喜萬聖節,1,100007,30110010,3,4,5390,3738,4028,03011_0010_00,03011_0010_01,3,,,1,30110010,0,1,223093003
30030010,3003,秘密計畫,1,100003,30030010,3,4,5006,3975,4175,03003_0010_00,03003_0010_01,3,,,2,30030010,0,1,223093005
20070015,2007,花卉公園,3,300019,20070015,3,4,3960,5500,3696,02007_0015_00,02007_0015_01,3,,,1,20070015,0,1,223101507
20040015,2004,顛倒世界,3,300021,20040015,3,4,3690,5500,3966,02004_0015_00,02004_0015_01,3,,,1,20040015,0,1,223101507
20030015,2003,鬼屋,3,300003,20030015,3,4,3970,5050,4136,02003_0015_00,02003_0015_01,3,,,2,20030015,0,1,223101509
30100010,3010,姉與的時間,1,100004,30100010,3,4,5344,3751,4061,03010_0010_00,03010_0010_01,3,,,1,30100010,0,1,223100503
10020017,1002,髮型變化,2,200004,10020017,3,4,3771,4009,5376,01002_0017_00,01002_0017_01,3,,,1,10020017,0,1,223102102
40070011,4007,適合去貓咖啡的一天,2,200004,40070011,3,4,3887,3885,5384,04007_0011_00,04007_0011_01,3,,,1,40070011,0,1,223102902
10040017,1004,與你到天涯海角,3,300003,10040017,2,3,3300,4744,3594,01004_0017_00,01004_0017_01,2,,,3,10040017,0,1,223100504
20050015,2005,向大冒險敬禮！,1,100003,20050015,2,3,4732,3255,3651,02005_0015_00,02005_0015_01,2,b_card_0086,b_card_0086,1,20050015,0,1,223101504
30070011,3007,大冒險的序幕,3,300003,30070011,2,3,3409,4693,3536,03007_0011_00,03007_0011_01,2,b_card_0086,b_card_0086,1,30070011,0,1,223101504
40030011,4003,前往未曾見過的景色,2,200003,40030011,2,3,3632,3236,4770,04003_0011_00,04003_0011_01,2,b_card_0086,b_card_0086,1,40030011,0,1,223101504
30010011,3001,與你一同走過之後,2,200003,30010011,3,4,3919,3986,5251,03001_0011_00,03001_0011_01,3,,,4,0,1000,1,223101503
30020010,3002,超絶可憐可愛子,3,300003,30020010,3,4,4300,4925,3931,03002_0010_00,03002_0010_01,3,,,4,0,1000,1,223101503
30030011,3003,名為青春的舞台,1,100003,30030011,3,4,4774,4211,4171,03003_0011_00,03003_0011_01,3,,,4,0,1000,1,223101503
30040010,3004,酷感美人,2,200003,30040010,3,4,4248,4027,4881,03004_0010_00,03004_0010_01,3,,,4,0,1000,1,223101503
30050011,3005,因為愛，所以愛你,3,300003,30050011,3,4,4111,5111,3934,03005_0011_00,03005_0011_01,3,,,4,0,1000,1,223101503
30060010,3006,午睡演唱會,1,100003,30060010,3,4,5040,4256,3860,03006_0010_00,03006_0010_01,3,,,4,0,1000,1,223101503
30070012,3007,想傳達『最喜歡』！,2,200003,30070012,3,4,4119,4236,4801,03007_0012_00,03007_0012_01,3,,,4,0,1000,1,223101503
30080010,3008,唱出療癒之歌,3,300003,30080010,3,4,3852,5220,4084,03008_0010_00,03008_0010_01,3,,,4,0,1000,1,223101503
30090011,3009,與粉絲連結,1,100003,30090011,3,4,4833,4091,4232,03009_0011_00,03009_0011_01,3,,,4,0,1000,1,223101503
30100011,3010,具備適性,2,200003,30100011,3,4,3888,4113,5155,03010_0011_00,03010_0011_01,3,,,4,0,1000,1,223101503
30110011,3011,伸手追逐夢想,3,300003,30110011,3,4,4074,4823,4259,03011_0011_00,03011_0011_01,3,,,4,0,1000,1,223101503
30120011,3012,同好會的一員與,1,100003,30120011,3,4,5224,4149,3783,03012_0011_00,03012_0011_01,3,,,4,0,1000,1,223101503
30010012,3001,凝視著你,3,300004,30010012,3,4,3810,5201,4145,03001_0012_00,03001_0012_01,3,,,1,30010012,1000,1,223100302
30020011,3002,成熟約會♡,3,300004,30020011,3,4,4005,5220,3931,03002_0011_00,03002_0011_01,3,,,1,30020011,1000,1,223101002
30030012,3003,有點小心機地決定,2,200004,30030012,3,4,3918,3966,5272,03003_0012_00,03003_0012_01,3,,,1,30030012,1000,1,223101702
30040011,3004,尋找特別的戀愛,3,300004,30040011,3,4,3804,5222,4130,03004_0011_00,03004_0011_01,3,,,1,30040011,1000,1,223102402
30050012,3005,兩人一起開心,2,200004,30050012,3,4,3991,3965,5200,03005_0012_00,03005_0012_01,3,,,1,30050012,1000,1,223103102
40030012,4003,慰勞會,1,100019,40030012,3,4,5433,4023,3778,04003_0012_00,04003_0012_01,3,,,1,40030012,0,1,223103109
40060011,4006,緊張的舞臺袖,1,100008,40060011,3,4,5428,3792,4014,04006_0011_00,04006_0011_01,3,,,1,40060011,0,1,223103109
40090011,4009,天生的情報蒐集能力,1,100003,40090011,3,4,4999,4108,4127,04009_0011_00,04009_0011_01,3,,,2,40090011,0,1,223103106
30070013,3007,志願者樂團,3,300019,30070013,3,4,3929,5441,3864,03007_0013_00,03007_0013_01,3,,,1,30070013,0,1,223111503
30050013,3005,逛遍模擬攤位,3,300007,30050013,3,4,3850,5435,3949,03005_0013_00,03005_0013_01,3,,,1,30050013,0,1,223111503
30040012,3004,來談最棒的戀愛吧！,3,300003,30040012,3,4,3972,4949,4313,03004_0012_00,03004_0012_01,3,,,2,30040012,0,1,223111506
10050016,1005,可愛的禮物們,2,200004,10050016,3,4,3853,3939,5442,01005_0016_00,01005_0016_01,3,,,1,10050016,0,1,223110102
30090012,3009,全接！！,1,100004,30090012,3,4,5439,3905,3890,03009_0012_00,03009_0012_01,3,,,1,30090012,0,1,223111302
40050011,4005,草莓甜點自助餐,1,100004,40050011,3,4,5438,3751,4045,04005_0011_00,04005_0011_01,3,,,1,40050011,0,1,223112402
30060011,3006,一直都想著你,2,200004,30060011,3,4,4048,3903,5205,03006_0011_00,03006_0011_01,3,,,1,30060011,1000,1,223110702
30070014,3007,邂逅的預感,1,100004,30070014,3,4,5201,3892,4063,03007_0014_00,03007_0014_01,3,,,1,30070014,1000,1,223111402
30080011,3008,記憶中的你,1,100004,30080011,3,4,5242,3847,4067,03008_0011_00,03008_0011_01,3,,,1,30080011,1000,1,223112102
30090013,3009,啊～嗯，摔倒了,2,200004,30090013,3,4,4000,3949,5207,03009_0013_00,03009_0013_01,3,,,1,30090013,1000,1,223112802
10040018,1004,將愛獻給你,1,100003,10040018,2,3,4684,3595,3359,01004_0018_00,01004_0018_01,2,,,0,0,1000,1,223103001
20050016,2005,繪馬上寫下的願望是,2,200003,20050016,2,3,3671,3289,4678,02005_0016_00,02005_0016_01,2,,,0,0,1000,1,223103001
30070015,3007,化妝霞霞,2,200003,30070015,2,3,3517,3375,4746,03007_0015_00,03007_0015_01,2,,,0,0,1000,1,223103001
40030013,4003,巧克力試作中,3,300003,40030013,2,3,3531,4678,3429,04003_0013_00,04003_0013_01,2,,,0,0,1000,1,223103001
10010019,1001,春意盎然！,1,100003,10010019,2,3,4781,3540,3340,01001_0019_00,01001_0019_01,2,b_card_0088,b_card_0088,1,0,1000,1,223110103
20010017,2001,灼熱的夏浜,2,200003,20010017,2,3,3516,3420,4725,02001_0017_00,02001_0017_01,2,b_card_0089,b_card_0089,1,0,1000,1,223110103
30010013,3001,秋的夜長,3,300003,30010013,2,3,3661,4732,3268,03001_0013_00,03001_0013_01,2,b_card_0090,b_card_0090,1,0,1000,1,223110103
40010013,4001,閃耀冬日,1,100003,40010013,2,3,4667,3454,3540,04001_0013_00,04001_0013_01,2,b_card_0091,b_card_0091,1,0,1000,1,223110103
30010014,3001,圍繞丸的一天,1,100003,30010014,2,3,4781,3504,3376,03001_0014_00,03001_0014_01,2,b_card_0092,b_card_0092,0,0,1000,1,223110108
30020013,3002,正式霞霞,2,200003,30020013,2,3,3285,3628,4748,03002_0013_00,03002_0013_01,2,b_card_0092,b_card_0092,0,0,1000,1,224011105
30030013,3003,扮成社會人,3,300003,30030013,2,3,3368,4775,3518,03003_0013_00,03003_0013_01,2,b_card_0092,b_card_0092,0,0,1000,1,224011105
30040013,3004,帥氣地上吧,1,100003,30040013,2,3,4787,3458,3416,03004_0013_00,03004_0013_01,2,b_card_0092,b_card_0092,0,0,1000,1,224011105
30050014,3005,高昂的心情,1,100003,30050014,2,3,4797,3422,3442,03005_0014_00,03005_0014_01,2,b_card_0092,b_card_0092,0,0,1000,1,224011105
30060012,3006,熱鬧的街道！,3,300003,30060012,2,3,3405,4746,3510,03006_0012_00,03006_0012_01,2,b_card_0092,b_card_0092,0,0,1000,1,224011105
30070016,3007,與奧菲莉亞合作♪,3,300003,30070016,2,3,3556,4792,3313,03007_0016_00,03007_0016_01,2,b_card_0092,b_card_0092,0,0,1000,1,224011105
30080012,3008,與企鵝們一起♡,2,200003,30080012,2,3,3563,3352,4746,03008_0012_00,03008_0012_01,2,b_card_0092,b_card_0092,0,0,1000,1,224011105
30090014,3009,雪舞冰場,3,300003,30090014,2,3,3414,4742,3505,03009_0014_00,03009_0014_01,2,b_card_0092,b_card_0092,0,0,1000,1,224011105
30100012,3010,開始工作吧,3,300003,30100012,2,3,3465,4781,3415,03010_0012_00,03010_0012_01,2,b_card_0092,b_card_0092,0,0,1000,1,224011105
30110012,3011,要上囉，寶貝醬,2,200003,30110012,2,3,3549,3317,4795,03011_0012_00,03011_0012_01,2,b_card_0092,b_card_0092,0,0,1000,1,224011105
30120012,3012,蘭珠是上司喔！,2,200003,30120012,2,3,3562,3308,4791,03012_0012_00,03012_0012_01,2,b_card_0092,b_card_0092,0,0,1000,1,224011105
40100001,4010,壓倒性的音樂品味,1,100002,40100001,2,3,4732,3467,3485,04010_0001_00,04010_0001_01,2,,,1,0,0,1,223121510
40110001,4011,嚴格分析,1,100002,40110001,2,3,4687,3307,3690,04011_0001_00,04011_0001_01,2,,,1,0,0,1,223121510
10040019,1004,µ's 的聖誕節,2,200019,10040019,3,4,4109,3725,5478,01004_0019_00,01004_0019_01,3,,,1,10040019,0,1,223113010
10090018,1009,吃一口吧,2,200005,10090018,3,4,3756,4082,5474,01009_0018_00,01009_0018_01,3,,,1,10090018,0,1,223113010
10010020,1001,冬的星是木的上,2,200003,10010020,3,4,4220,4016,5076,01001_0020_00,01001_0020_01,3,,,2,10010020,0,1,223113006
40010014,4001,乘上空中秋千,2,200019,40010014,3,4,4018,3812,5482,04001_0014_00,04001_0014_01,3,,,1,40010014,0,1,223121506
40020012,4002,雪與冰之樹,2,200008,40020012,3,4,3871,3958,5483,04002_0012_00,04002_0012_01,3,,,1,40020012,0,1,223121506
40080011,4008,太古的世界從,2,200003,40080011,3,4,4051,4223,5038,04008_0011_00,04008_0011_01,3,,,2,40080011,0,1,223121509
30110013,3011,來，請用♪,3,300004,30110013,3,4,4033,5484,3795,03011_0013_00,03011_0013_01,3,,,1,30110013,0,1,223120602
30060013,3006,前往新的舞台,1,100004,30060013,3,4,5486,3992,3834,03006_0013_00,03006_0013_01,3,,,1,30060013,0,1,223121602
40110002,4011,水母,3,300004,40110002,3,4,3953,5489,3870,04011_0002_00,04011_0002_01,3,,,1,40110002,0,1,223122802
30100013,3010,私的象徵,2,200004,30100013,3,4,3840,4110,5206,03010_0013_00,03010_0013_01,3,,,1,30100013,1000,1,223120502
30110014,3011,做得很好吃喔,1,100004,30110014,3,4,5227,4162,3767,03011_0014_00,03011_0014_01,3,,,1,30110014,1000,1,223121202
30120013,3012,來談最棒的戀愛吧！,3,300004,30120013,3,4,3957,5205,3994,03012_0013_00,03012_0013_01,3,,,1,30120013,1000,1,223121902
60010001,6001,占卜屋的少女,2,200003,60010001,2,3,3545,3296,4843,06001_0001_00,06001_0001_01,2,b_card_0093,b_card_0102,1,60010001,0,1,223121403
60020001,6002,攤販售貨員,1,100003,60020001,2,3,4992,3395,3297,06002_0001_00,06002_0001_01,2,b_card_0094,b_card_0103,1,60020001,0,1,223121403
60030001,6003,執務長官,3,300003,60030001,2,3,3463,4974,3247,06003_0001_00,06003_0001_01,2,b_card_0095,b_card_0104,1,60030001,0,1,223121403
60040001,6004,妖精族的末裔,2,200003,60040001,2,3,3335,3714,4635,06004_0001_00,06004_0001_01,2,b_card_0096,b_card_0105,1,60040001,0,1,223121403
60050001,6005,老舗旅館的看板娘,1,100003,60050001,2,3,4631,3453,3600,06005_0001_00,06005_0001_01,2,b_card_0097,b_card_0106,1,60050001,0,1,223121403
60060001,6006,給前輩們的慰問品,3,300003,60060001,2,3,3527,4762,3395,06006_0001_00,06006_0001_01,2,b_card_0098,b_card_0107,1,60060001,0,1,223121403
60070001,6007,無法坦率,2,200003,60070001,2,3,3466,3455,4763,06007_0001_00,06007_0001_01,2,b_card_0099,b_card_0108,1,60070001,0,1,223121403
60080001,6008,動物學者,1,100003,60080001,2,3,4824,3466,3394,06008_0001_00,06008_0001_01,2,b_card_0100,b_card_0109,1,60080001,0,1,223121403
60090001,6009,魔王的末裔,3,300003,60090001,2,3,3710,4628,3346,06009_0001_00,06009_0001_01,2,b_card_0101,b_card_0110,1,60090001,0,1,223121403
20010018,2001,緣側灑落的微笑,1,100003,20010018,2,3,4602,3530,3552,02001_0018_00,02001_0018_01,2,,,0,0,0,1,223120806
30010015,3001,東京炸薯條,2,200003,30010015,2,3,3574,3432,4678,03001_0015_00,03001_0015_01,2,,,0,0,0,1,223120906
40010015,4001,怎麼辦！？,3,300003,40010015,2,3,3436,4683,3565,04001_0015_00,04001_0015_01,2,,,0,0,0,1,223121003
20050017,2005,心情高漲的理由只有一個,1,100019,20050017,3,4,5527,4126,3737,02005_0017_00,02005_0017_01,3,,,1,20050017,0,1,223123103
20090016,2009,與企鵝們一起♡,1,100006,20090016,3,4,5529,3779,4082,02009_0016_00,02009_0016_01,3,,,1,20090016,0,1,223123103
20010019,2001,兩人是英雄☆,1,100003,20010019,3,4,5061,4288,4041,02001_0019_00,02001_0019_01,3,,,2,20010019,0,1,223123106
10030018,1003,啊～摔倒了,3,300019,10030018,3,4,4001,5543,3846,01003_0018_00,01003_0018_01,3,,,1,10030018,0,1,224011503
10060017,1006,在雪舞的冰場上,3,300005,10060017,3,4,3940,5506,3944,01006_0017_00,01006_0017_01,3,,,1,10060017,0,1,224011503
10050018,1005,幫忙就交給我喵！,3,300003,10050018,3,4,4319,5049,4022,01005_0018_00,01005_0018_01,3,,,2,10050018,0,1,224011506
20040016,2004,寫在繪馬上的願望是,2,200004,20040016,3,4,4134,3756,5500,02004_0016_00,02004_0016_01,3,,,1,20040016,0,1,224010104
10080017,1008,心情高漲的理由只有一個,1,100004,10080017,3,4,5527,4042,3821,01008_0017_00,01008_0017_01,3,,,1,10080017,0,1,224011703
40100002,4010,雙人姿勢,2,200004,40100002,3,4,3878,3965,5547,04010_0002_00,04010_0002_01,3,,,1,40100002,0,1,224012003
30020014,3002,化妝霞霞,3,300004,30020014,3,4,3955,5536,3899,03002_0014_00,03002_0014_01,3,,,1,30020014,0,1,224012303
30030014,3003,與奧菲莉亞合作♪,2,200019,30030014,3,4,3838,4052,5578,03003_0014_00,03003_0014_01,3,,,1,30030014,0,1,224013103
30040014,3004,攤販售貨員,2,200004,30040014,3,4,3995,3912,5561,03004_0014_00,03004_0014_01,3,,,1,30040014,0,1,224013103
30010017,3001,在回憶之地重新拍攝,2,200003,30010017,3,4,4347,4019,5102,03001_0017_00,03001_0017_01,3,,,2,30010017,0,1,224013106
20020016,2002,手作鬼面具,2,200004,20020016,3,4,3920,3976,5572,02002_0016_00,02002_0016_01,3,,,1,20020016,0,1,224021403
20060016,2006,太強力的鬼到外面去,2,200019,20060016,3,4,3916,3965,5587,02006_0016_00,02006_0016_01,3,,,1,20060016,0,1,224021403
20080016,2008,超豪華恵方巻,2,200003,20080016,3,4,4343,4006,5119,02008_0016_00,02008_0016_01,3,,,2,20080016,0,1,224021406
30080014,3008,在海邊眺望初日出,2,200004,30080014,3,4,3770,4122,5576,03008_0014_00,03008_0014_01,3,,,1,30080014,0,1,224020503
20030016,2003,特別的茶會時間,3,300004,20030016,3,4,3988,5577,3903,02003_0016_00,02003_0016_01,3,,,1,20030016,0,1,224021005
30120014,3012,空中秋千,2,200004,30120014,3,4,4116,3787,5565,03012_0014_00,03012_0014_01,3,,,1,30120014,0,1,224021503
40030014,4003,啊～嗯♡,3,300004,40030014,3,4,4020,5587,3861,04003_0014_00,04003_0014_01,3,,,1,40030014,0,1,224022503
40010016,4001,能不能待在我身邊？,1,100003,40010016,2,3,5022,3351,3357,04001_0016_00,04001_0016_01,2,,,4,0,0,1,224020102
40020014,4002,死亡烹飪！,3,300003,40020014,2,3,3446,4969,3315,04002_0014_00,04002_0014_01,2,,,4,0,0,1,224020102
40030015,4003,請吃一口,2,200003,40030015,2,3,3448,3279,5003,04003_0015_00,04003_0015_01,2,,,4,0,0,1,224020102
40040012,4004,想要我餵你嗎？,1,100003,40040012,2,3,5019,3354,3357,04004_0012_00,04004_0012_01,2,,,4,0,0,1,224020102
40050012,4005,請收下,2,200003,40050012,2,3,3239,3489,5002,04005_0012_00,04005_0012_01,2,,,4,0,0,1,224020102
40060012,4006,壓倒性的音樂品味,1,100003,40060012,2,3,4959,3402,3369,04006_0012_00,04006_0012_01,2,,,4,0,0,1,224020102
40070012,4007,做得很好吃喔,1,100003,40070012,2,3,4995,3298,3437,04007_0012_00,04007_0012_01,2,,,4,0,0,1,224020102
40080013,4008,試食挑戰者募集中,3,300003,40080013,2,3,3376,4980,3374,04008_0013_00,04008_0013_01,2,,,4,0,0,1,224020102
40090013,4009,準備大餐中,2,200003,40090013,2,3,3419,3333,4978,04009_0013_00,04009_0013_01,2,,,4,0,0,1,224020102
40100003,4010,雪與冰之樹,3,300003,40100003,2,3,3357,5016,3357,04010_0003_00,04010_0003_01,2,,,4,0,0,1,224020102
40110003,4011,効率的調理完了,2,200003,40110003,2,3,3442,3270,5018,04011_0003_00,04011_0003_01,2,,,4,0,0,1,224020102
40050013,4005,感謝的心情,3,300019,40050013,3,4,3954,5607,3985,04005_0013_00,04005_0013_01,3,,,1,40050013,0,1,224030103
40070013,4007,給前輩們的慰問品,3,300004,40070013,3,4,3780,5610,4156,04007_0013_00,04007_0013_01,3,,,1,40070013,0,1,224030103
40040013,4004,無法坦率,3,300003,40040013,3,4,4018,5149,4379,04004_0013_00,04004_0013_01,3,,,2,40040013,0,1,224030106
30010018,3001,挑戰插花！,1,100004,30010018,3,4,5610,4010,3926,03001_0018_00,03001_0018_01,3,,,1,30010018,0,1,224030108
20070016,2007,感動！VR 體驗,2,200004,20070016,3,4,4100,3852,5594,02007_0016_00,02007_0016_01,3,,,1,20070016,0,1,224030403
10040020,1004,緣側灑落的微笑,3,300004,10040020,3,4,3967,5594,3985,01004_0020_00,01004_0020_01,3,,,1,10040020,0,1,224031503
30030015,3003,兩人是英雄☆,3,300004,30030015,3,4,4075,5591,3880,03003_0015_00,03003_0015_01,3,,,1,30030015,0,1,224031603
40060013,4006,嚴格分析,3,300004,40060013,3,4,4036,5602,3908,04006_0013_00,04006_0013_01,3,,,1,40060013,0,1,224031603
20050019,2005,在回憶之地重新拍攝,2,200004,20050019,3,4,4045,3882,5619,02005_0019_00,02005_0019_01,3,,,1,20050019,0,1,224031603
10060018,1006,春的天體觀測,1,100004,10060018,3,4,5599,3940,4007,01006_0018_00,01006_0018_01,3,,,1,10060018,0,1,224031603
10020018,1002,笑容，永遠,1,100004,10020018,3,4,5150,4243,4075,01002_0018_00,01002_0018_01,3,,,4,0,1000,1,224020903
20060017,2006,怎麼辦！？,1,100004,20060017,3,4,5118,4096,4254,02006_0017_00,02006_0017_01,3,,,4,0,1000,1,224020903
30010019,3001,笑容，永遠,1,100004,30010019,3,4,5114,4065,4289,03001_0019_00,03001_0019_01,3,,,4,0,1000,1,224020903
