_id,_name,_masterLotteryInfoId,_masterCautionId,_category,_type,_priority,_masterLotteryPriceId,_masterLotteryRarityId,_masterLotteryImageId,_balloonSpriteName,_startdashTime,_startdashExpireTime,_checkDisplayableLottery,_repeat,_exchangeMasterItemId,_masterLotteryEffMovieId,_masterLotteryEffMovieRatioId,_storeReviewFlag,_masterReleaseLabelId
1110001,開服紀念招募,1110001,1110001,1,1,20,1110001,1110001,1110001,,0,0,0,0,15500001,1,1,0,223041501
1110002,保證 UR！開服紀念招募,1110002,1110002,1,1,20,1110002,1110002,1110002,,0,0,0,0,15500001,1,2,0,223041501
1110003,焦點招募: Harajuku Liella！After School ♡,1110003,1110003,1,1,20,1110003,1110003,1110003,,0,0,0,0,15500002,1,1,0,223041901
1110004,普通招募,1110004,1110004,1,1,20,1110004,1110004,1110004,,0,0,0,0,15510004,1,1,0,223043001
1110005,普通招募,1110005,1110005,1,1,20,1110005,1110005,1110005,,0,0,0,0,15510005,1,1,0,223051501
1110006,普通招募,1110006,1110006,1,1,20,1110006,1110006,1110006,,0,0,0,0,15510006,1,1,0,223053101
1110007,普通招募,1110007,1110007,1,1,20,1110007,1110007,1110007,,0,0,0,0,15510007,1,1,0,223061501
1110008,普通招募,1110008,1110008,1,1,20,1110008,1110008,1110008,,0,0,0,0,15510008,1,1,0,223063001
1110009,普通招募,1110009,1110009,1,1,20,1110009,1110009,1110009,,0,0,0,0,15510009,1,1,0,223071502
1110010,普通招募,1110010,1110010,1,1,20,1110010,1110010,1110010,,0,0,0,0,15510010,1,1,0,223073101
1110011,普通招募,1110011,1110011,1,1,20,1110011,1110011,1110011,,0,0,0,0,15510011,1,1,0,223081501
1110012,普通招募,1110012,1110012,1,1,20,1110012,1110012,1110012,,0,0,0,0,15510012,1,1,0,223083107
1110013,普通招募,1110013,1110013,1,1,20,1110013,1110013,1110013,,0,0,0,0,15510013,1,1,0,223091501
1110014,普通招募,1110014,1110014,1,1,20,1110014,1110014,1110014,,0,0,0,0,15510014,1,1,0,223093001
1110015,普通招募,1110015,1110015,1,1,20,1110015,1110015,1110015,,0,0,0,0,15510015,1,1,0,223101505
1110016,普通招募,1110016,1110016,1,1,20,1110016,1110016,1110016,,0,0,0,0,15510016,1,1,0,223103107
1110017,普通招募,1110017,1110017,1,1,20,1110017,1110017,1110017,,0,0,0,0,15510017,1,1,0,223111501
1110018,普通招募,1110018,1110018,1,1,20,1110018,1110018,1110018,,0,0,0,0,15510018,1,1,0,223113008
1110019,普通招募,1110019,1110019,1,1,20,1110019,1110019,1110019,,0,0,0,0,15510019,1,1,0,223121513
1110020,普通招募,1110020,1110020,1,1,20,1110020,1110020,1110020,,0,0,0,0,15510020,1,1,0,223123107
1110021,普通招募,1110021,1110021,1,1,20,1110021,1110021,1110021,,0,0,0,0,15510021,1,1,0,224011508
1110022,普通招募,1110022,1110022,1,1,20,1110022,1110022,1110022,,0,0,0,0,15510022,1,1,0,224013108
1110023,普通招募,1110023,1110023,1,1,20,1110023,1110023,1110023,,0,0,0,0,15510023,1,1,0,224021409
1110024,普通招募,1110024,1110024,1,1,20,1110024,1110024,1110024,,0,0,0,0,15510024,1,1,0,224030120
2110001,焦點招募: Out on Town,2110001,2110001,1,1,2304307,2110001,2110001,2110001,,0,0,0,0,15520001,1,1,0,223043002
2110002,焦點招募: 商店ping Streets,2110002,2110002,1,1,2305157,2110002,2110002,2110002,,0,0,0,0,15520002,1,1,0,223051502
2110003,焦點招募: 演唱會於Nature,2110003,2110003,1,1,2305317,2110003,2110003,2110003,,0,0,0,0,15520003,1,1,0,223053102
2110004,焦點招募: Glittering Dancers,2110004,2110004,1,1,2306197,2110004,2110004,2110004,,0,0,0,0,15520004,1,1,0,223061502
2110005,焦點招募: Glittering Dancers,2110005,2110005,1,1,2306196,2110005,2110005,2110005,,0,0,0,0,15520004,1,1,0,223061502
2110006,焦點招募: Sunny Summer Camp,2110006,2110006,1,1,2306307,2110006,2110006,2110006,,0,0,0,0,15520005,1,1,0,223063002
2110007,焦點招募: Sunny Summer Camp,2110007,2110007,1,1,2306306,2110007,2110007,2110007,,0,0,0,0,15520005,1,1,0,223063002
2110008,焦點招募: Midsummer Mermaid,2110008,2110008,1,1,2307157,2110008,2110008,2110008,,0,0,0,0,15520006,1,1,0,223071503
2110009,焦點招募: Midsummer Mermaid,2110009,2110009,1,1,2307156,2110009,2110009,2110009,,0,0,0,0,15520006,1,1,0,223071503
2110010,焦點招募: Summer Beach Run,2110010,2110010,1,1,2307317,2110010,2110010,2110010,,0,0,0,0,15520007,1,1,0,223073102
2110011,焦點招募: Summer Beach Run,2110011,2110011,1,1,2307316,2110011,2110011,2110011,,0,0,0,0,15520007,1,1,0,223073102
2110012,焦點招募: Flowers Bloom於Summer Night,2110012,2110012,1,1,2308157,2110012,2110012,2110012,,0,0,0,0,15520008,1,1,0,223081502
2110013,焦點招募: Flowers Bloom於Summer Night,2110013,2110013,1,1,2308156,2110013,2110013,2110013,,0,0,0,0,15520008,1,1,0,223081502
2110014,焦點招募: Moonlight Silvergrass,2110014,2110014,1,1,2308317,2110014,2110014,2110014,,0,0,0,0,15520009,1,1,0,223083102
2110015,焦點招募: Moonlight Silvergrass,2110015,2110015,1,1,2308316,2110015,2110015,2110015,,0,0,0,0,15520009,1,1,0,223083102
2110016,焦點招募: Wandering Yukata,2110016,2110016,1,1,2309157,2110016,2110016,2110016,,0,0,0,0,15520010,1,1,0,223091502
2110017,焦點招募: Wandering Yukata,2110017,2110017,1,1,2309156,2110017,2110017,2110017,,0,0,0,0,15520010,1,1,0,223091502
2110018,焦點招募: Trick 或 Treat!,2110018,2110018,1,1,2309307,2110018,2110018,2110018,,0,0,0,0,15520011,1,1,0,223093002
2110019,焦點招募: Trick 或 Treat!,2110019,2110019,1,1,2309308,2110019,2110019,2110019,,0,0,0,0,15520011,1,1,0,223093002
2110020,焦點招募: Boo！Boo！Halloween Land,2110020,2110020,1,1,2310160,2110020,2110020,2110020,,0,0,0,0,15540017,1,1,0,223101506
2110021,焦點招募: Boo！Boo！Halloween Land,2110021,2110021,1,1,2310161,2110021,2110021,2110021,,0,0,0,0,15540017,1,1,0,223101506
2110022,焦點招募: Sunny Marching Band,2110022,2110022,1,1,2310319,2110022,2110022,2110022,,0,0,0,0,15520012,1,1,0,223103108
2110023,焦點招募: Sunny Marching Band,2110023,2110023,1,1,2310318,2110023,2110023,2110023,,0,0,0,0,15520012,1,1,0,223103108
2110024,焦點招募: Kitty Cat 🐾 Maids,2110024,2110024,1,1,2311157,2110024,2110024,2110024,,0,0,0,0,15520013,1,1,0,223111502
2110025,焦點招募: Kitty Cat 🐾 Maids,2110025,2110025,1,1,2311156,2110025,2110025,2110025,,0,0,0,0,15520013,1,1,0,223111502
2110026,焦點招募: Everyone's Merry Christmas!,2110026,2110026,1,1,2311307,2110026,2110026,2110026,,0,0,0,0,15520014,1,1,0,223113009
2110027,焦點招募: Everyone's Merry Christmas!,2110027,2110027,1,1,2311306,2110027,2110027,2110027,,0,0,0,0,15520014,1,1,0,223113009
2110028,焦點招募: Santa Claus at Snow Festival,2110028,2110028,1,1,2312157,2110028,2110028,2110028,,0,0,0,0,15520015,1,1,0,223121505
2110029,焦點招募: Santa Claus at Snow Festival,2110029,2110029,1,1,2312156,2110029,2110029,2110029,,0,0,0,0,15520015,1,1,0,223121505
2110030,焦點招募: Happy New Year至曜!,2110030,2110030,1,1,2312317,2110030,2110030,2110030,,0,0,0,0,15520016,1,1,0,223123102
2110031,焦點招募: Happy New Year至曜!,2110031,2110031,1,1,2312316,2110031,2110031,2110031,,0,0,0,0,15520016,1,1,0,223123102
2110032,焦點招募: Ice Fairy,2110032,2110032,1,1,2401157,2110032,2110032,2110032,,0,0,0,0,15520017,1,1,0,224011502
2110033,焦點招募: Ice Fairy,2110033,2110033,1,1,2401156,2110033,2110033,2110033,,0,0,0,0,15520017,1,1,0,224011502
2110034,焦點招募: Maidens Locked於Love,2110034,2110034,1,1,2401317,2110034,2110034,2110034,,0,0,0,0,15520018,1,1,0,224013102
2110035,焦點招募: Maidens Locked於Love,2110035,2110035,1,1,2401316,2110035,2110035,2110035,,0,0,0,0,15520018,1,1,0,224013102
2110036,焦點招募: Pandemonic Night,2110036,2110036,1,1,2402147,2110036,2110036,2110036,,0,0,0,0,15520019,1,1,0,224021402
2110037,焦點招募: Pandemonic Night,2110037,2110037,1,1,2402146,2110037,2110037,2110037,,0,0,0,0,15520019,1,1,0,224021402
2110038,焦點招募: Y2K♡GALS,2110038,2110038,1,1,2403017,2110038,2110038,2110038,,0,0,0,0,15520020,1,1,0,224030102
2110039,焦點招募: Y2K♡GALS,2110039,2110039,1,1,2403016,2110039,2110039,2110039,,0,0,0,0,15520020,1,1,0,224030102
3110001,香音's 生日 招募: Harmony Star,3110001,3110001,1,1,2305010,3110001,3110001,3110001,,0,0,0,0,15530001,1,1,0,223050101
3110002,愛's 生日 招募: Colorful Heroines,3110002,3110002,1,1,2305300,3110002,3110002,3110002,,0,0,0,0,15530002,1,1,0,223053001
3110003,希's 生日 招募: Flower Shower,3110003,3110003,1,1,2306090,3110003,3110003,3110003,,0,0,0,0,15530003,1,1,0,223060901
3110004,鞠莉's 生日 招募: Fairy Wings,3110004,3110004,1,1,2306130,3110004,3110004,3110004,,0,0,0,0,15530004,1,1,0,223061301
3110005,四季's 生日 招募: Harmony Star,3110005,3110005,1,1,2306170,3110005,3110005,3110005,,0,0,0,0,15530005,1,1,0,223061701
3110006,果林's 生日 招募: Colorful Heroines,3110006,3110006,1,1,2306290,3110006,3110006,3110006,,0,0,0,0,15530006,1,1,0,223062901
3110007,善子's 生日 招募: Fairy Wings,3110007,3110007,1,1,2307130,3110007,3110007,3110007,,0,0,0,0,15530007,1,1,0,223071301
3110008,可可's 生日 招募: Harmony Star,3110008,3110008,1,1,2307170,3110008,3110008,3110008,,0,0,0,0,15530008,1,1,0,223071702
3110009,妮可's 生日 招募: Flower Shower,3110009,3110009,1,1,2307220,3110009,3110009,3110009,,0,0,0,0,15530009,1,1,0,223072201
3110010,千歌's 生日 招募: Fairy Wings,3110010,3110010,1,1,2308010,3110010,3110010,3110010,,0,0,0,0,15530010,1,1,0,223080102
3110011,穗乃果's 生日 招募: Flower Shower,3110011,3110011,1,1,2308030,3110011,3110011,3110011,,0,0,0,0,15530011,1,1,0,223080303
3110012,夏美's 生日 招募: Harmony Star,3110012,3110012,1,1,2308070,3110012,3110012,3110012,,0,0,0,0,15530012,1,1,0,223080701
3110013,雪菜's 生日 招募: Colorful Heroines,3110013,3110013,1,1,2308080,3110013,3110013,3110013,,0,0,0,0,15530013,1,1,0,223080801
3110014,小鳥's 生日 招募: Flower Shower,3110014,3110014,1,1,2309120,3110014,3110014,3110014,,0,0,0,0,15530014,1,1,0,223091201
3110015,梨子's 生日 招募: Fairy Wings,3110015,3110015,1,1,2309190,3110015,3110015,3110015,,0,0,0,0,15530015,1,1,0,223091901
3110016,露比's 生日 招募: Fairy Wings,3110016,3110016,1,1,2309210,3110016,3110016,3110016,,0,0,0,0,15530016,1,1,0,223092101
3110017,堇's 生日 招募: Harmony Star,3110017,3110017,1,1,2309280,3110017,3110017,3110017,,0,0,0,0,15530017,1,1,0,223092801
3110018,栞子's 生日 招募: Colorful Heroines,3110018,3110018,1,1,2310050,3110018,3110018,3110018,,0,0,0,0,15530018,1,1,0,223100502
3110019,繪里's 生日 招募: Flower Shower,3110019,3110019,1,1,2310210,3110019,3110019,3110019,,0,0,0,0,15530019,1,1,0,223102101
3110020,芽衣's 生日 招募: Harmony Star,3110020,3110020,1,1,2310290,3110020,3110020,3110020,,0,0,0,0,15530020,1,1,0,223102901
3110021,凜's 生日 招募: Flower Shower,3110021,3110021,1,1,2311010,3110021,3110021,3110021,,0,0,0,0,15530021,1,1,0,223110101
3110022,璃奈's 生日 招募: Colorful Heroines,3110022,3110022,1,1,2311130,3110022,3110022,3110022,,0,0,0,0,15530022,1,1,0,223111301
3110023,戀's 生日 招募: Harmony Star,3110023,3110023,1,1,2311240,3110023,3110023,3110023,,0,0,0,0,15530023,1,1,0,223112401
3110024,米雅's 生日 招募: Colorful Heroines,3110024,3110024,1,1,2312060,3110024,3110024,3110024,,0,0,0,0,15530024,1,1,0,223120601
3110025,彼方's 生日 招募: Colorful Heroines,3110025,3110025,1,1,2312160,3110025,3110025,3110025,,0,0,0,0,15530025,1,1,0,223121601
3110026,冬毬's 生日 招募: Harmony Star,3110026,3110026,1,1,2312280,3110026,3110026,3110026,,0,0,0,0,15530026,1,1,0,223122801
3110027,黛雅's 生日 招募: Fairy Wings,3110027,3110027,1,1,2401010,3110027,3110027,3110027,,0,0,0,0,15530027,1,1,0,224010103
3110028,花陽's 生日 招募: Flower Shower,3110028,3110028,1,1,2401170,3110028,3110028,3110028,,0,0,0,0,15530028,1,1,0,224011702
3110029,瑪格麗特e's 生日 招募: Harmony Star,3110029,3110029,1,1,2401200,3110029,3110029,3110029,,0,0,0,0,15530029,1,1,0,224012002
3110030,霞's 生日 招募: Colorful Heroines,3110030,3110030,1,1,2401230,3110030,3110030,3110030,,0,0,0,0,15530030,1,1,0,224012302
3110031,艾瑪's 生日 招募: Colorful Heroines,3110031,3110031,1,1,2402050,3110031,3110031,3110031,,0,0,0,0,15530031,1,1,0,224020502
3110032,果南's 生日 招募: Fairy Wings,3110032,3110032,1,1,2402100,3110032,3110032,3110032,,0,0,0,0,15530032,1,1,0,224021004
3110033,嵐珠's 生日 招募: Colorful Heroines,3110033,3110033,1,1,2402150,3110033,3110033,3110033,,0,0,0,0,15530033,1,1,0,224021502
3110034,千砂都's 生日 招募: Harmony Star,3110034,3110034,1,1,2402250,3110034,3110034,3110034,,0,0,0,0,15530034,1,1,0,224022502
3110035,步夢's 生日 招募: Colorful Heroines,3110035,3110035,1,1,2403019,3110035,3110035,3110035,,0,0,0,0,15530035,1,1,0,224030107
3110036,花丸's 生日 招募: Fairy Wings,3110036,3110036,1,1,2403040,3110036,3110036,3110036,,0,0,0,0,15530036,1,1,0,224030402
3110037,海未's 生日 Memorial 招募～Flower Shower～,3110037,3110037,1,1,2403150,3110037,3110037,3110037,,0,0,0,0,15530037,1,1,0,224031502
4110001,Smile Only！焦點招募,4110001,4110001,1,1,2306119,4110001,4110001,4110001,,0,0,0,0,15540002,1,1,0,223061103
4110002,Pure Only！焦點招募,4110002,4110002,1,1,2306118,4110002,4110002,4110002,,0,0,0,0,15540002,1,1,0,223061103
4110003,Cool Only！焦點招募,4110003,4110003,1,1,2306117,4110003,4110003,4110003,,0,0,0,0,15540002,1,1,0,223061103
4110004,SIF Series Thanksgiving 2023 UR 招募,4110004,4110004,1,1,2306237,4110004,4110004,4110004,,0,0,0,0,0,1,2,0,223062301
4110005,Love 歌曲 Carnival 招募: 步夢,4110005,4110005,1,1,2310037,4110005,4110005,4110005,,0,0,0,0,15540005,1,1,0,223100301
4110006,Love 歌曲 Carnival 招募: 霞,4110006,4110006,1,1,2310107,4110006,4110006,4110006,,0,0,0,0,15540006,1,1,0,223101001
4110007,Love 歌曲 Carnival 招募: 雫,4110007,4110007,1,1,2310177,4110007,4110007,4110007,,0,0,0,0,15540007,1,1,0,223101701
4110008,Love 歌曲 Carnival 招募: 果林,4110008,4110008,1,1,2310247,4110008,4110008,4110008,,0,0,0,0,15540008,1,1,0,223102401
4110009,Love 歌曲 Carnival 招募: 愛,4110009,4110009,1,1,2310316,4110009,4110009,4110009,,0,0,0,0,15540009,1,1,0,223103101
4110010,Love 歌曲 Carnival 招募: 彼方,4110010,4110010,1,1,2311077,4110010,4110010,4110010,,0,0,0,0,15540010,1,1,0,223110701
4110011,Love 歌曲 Carnival 招募: 雪菜,4110011,4110011,1,1,2311147,4110011,4110011,4110011,,0,0,0,0,15540011,1,1,0,223111401
4110012,Love 歌曲 Carnival 招募: 艾瑪,4110012,4110012,1,1,2311217,4110012,4110012,4110012,,0,0,0,0,15540012,1,1,0,223112101
4110013,Love 歌曲 Carnival 招募: 璃奈,4110013,4110013,1,1,2311287,4110013,4110013,4110013,,0,0,0,0,15540013,1,1,0,223112801
4110014,Love 歌曲 Carnival 招募: 栞子,4110014,4110014,1,1,2312057,4110014,4110014,4110014,,0,0,0,0,15540014,1,1,0,223120501
4110015,Love 歌曲 Carnival 招募: 米雅,4110015,4110015,1,1,2312127,4110015,4110015,4110015,,0,0,0,0,15540015,1,1,0,223121201
4110016,Love 歌曲 Carnival 招募: 嵐珠,4110016,4110016,1,1,2312197,4110016,4110016,4110016,,0,0,0,0,15540016,1,1,0,223121901
4110017,Up至100 免費 招募！Half 紀念日 招募,4110017,4110017,1,1,3310157,4110017,4110017,4110017,,0,0,0,0,15540017,1,1,0,223101501
4110019,保證 UR！Half 紀念日 招募: μ's,4110019,4110019,1,1,2310156,4110019,4110019,4110019,,0,0,0,0,15540017,1,1,0,223101502
4110020,保證 UR！Half 紀念日 招募: Aqours,4110020,4110020,1,1,2310155,4110020,4110020,4110020,,0,0,0,0,15540017,1,1,0,223101502
4110021,保證 UR！Half 紀念日 招募: 虹咲,4110021,4110021,1,1,2310154,4110021,4110021,4110021,,0,0,0,0,15540017,1,1,0,223101502
4110022,保證 UR！Half 紀念日 招募: Liella!,4110022,4110022,1,1,2310153,4110022,4110022,4110022,,0,0,0,0,15540017,1,1,0,223101502
4110023,"""ove 歌曲透過Me"" Launch 招募",4110023,4110023,1,1,2309067,4110023,4110023,4110023,,0,0,0,0,15540023,1,1,0,223090603
4110024,μ's Only！焦點招募,4110024,4110024,1,1,2310312,4110024,4110024,4110024,,0,0,0,0,15540024,1,1,0,223103111
4110025,Aqours Only！焦點招募,4110025,4110025,1,1,2311152,4110025,4110025,4110025,,0,0,0,0,15540025,1,1,0,223111508
4110026,保證 UR！Half 紀念日 招募: Closing Festival,4110026,4110026,1,1,2310317,4110026,4110026,4110026,,0,0,0,0,15520012,1,1,0,223103112
4110027,夜羽 Parhelion: 劇情的Sound的Heart Commemorative 招募,4110027,4110027,1,1,2312147,4110027,4110027,4110027,,0,0,0,0,15540027,1,1,0,223121402
4110028,1st-Years Only！焦點招募,4110028,4110028,1,1,2311177,4110028,4110028,4110028,,0,0,0,0,15540028,1,1,0,223111702
4110029,2nd-Years Only！焦點招募,4110029,4110029,1,1,2311247,4110029,4110029,4110029,,0,0,0,0,15540029,1,1,0,223112404
4110030,3rd-Years Only！焦點招募,4110030,4110030,1,1,2312017,4110030,4110030,4110030,,0,0,0,0,15540030,1,1,0,223120103
4110031,IJIGEN FES THE IDOLM@STER LOVE LIVE！Commemorative 招募: Aqours,4110031,4110031,1,1,2312095,4110031,4110031,4110031,,0,0,0,0,0,1,1,0,223120907
4110032,IJIGEN FES THE IDOLM@STER LOVE LIVE！Commemorative 招募: 虹咲,4110032,4110032,1,1,2312094,4110032,4110032,4110032,,0,0,0,0,0,1,1,0,223120908
4110033,IJIGEN FES THE IDOLM@STER LOVE LIVE！Commemorative 招募: Liella!,4110033,4110033,1,1,2312093,4110033,4110033,4110033,,0,0,0,0,0,1,1,0,223120909
4110034,Up至240 免費 招募！New Year's 招募,4110034,4110034,1,1,3312267,4110034,4110034,4110034,,0,0,0,0,15540031,1,1,0,223122604
4110035,保證 UR！New Year's 招募,4110035,4110035,1,1,2312267,4110035,4110035,4110035,,0,0,0,0,15540031,1,1,0,223122604
4110036,New Year's First Dream 招募,4110036,4110036,1,1,2401017,4110036,4110036,4110036,,0,0,0,0,15540032,1,1,0,224010105
4110037,保證 UR！New Year's First Dream 招募,4110037,4110037,1,1,2401016,4110037,4110037,4110037,,0,0,0,0,15540032,1,1,0,224010105
4110038,Love 歌曲 Carnival 招募,4110038,4110038,1,1,2401137,4110038,4110038,4110038,,0,0,0,0,15540033,1,1,0,224011304
4110039,學園偶像 Festival 2 Super Thanks 招募: μ's,4110039,4110039,1,1,3403020,4110039,4110039,4110039,,0,0,0,0,15540034,1,1,0,224030109
4110040,學園偶像 Festival 2 Super Thanks 招募: Aqours,4110040,4110040,1,1,3403019,4110040,4110040,4110040,,0,0,0,0,15540034,1,1,0,224030109
4110041,學園偶像 Festival 2 Super Thanks 招募: 虹咲,4110041,4110041,1,1,3403018,4110041,4110041,4110041,,0,0,0,0,15540034,1,1,0,224030109
4110042,學園偶像 Festival 2 Super Thanks 招募: Liella!,4110042,4110042,1,1,3403017,4110042,4110042,4110042,,0,0,0,0,15540034,1,1,0,224030109
4110043,Special 招募,4110043,4110043,1,1,2403167,4110043,4110043,4110043,,0,0,0,0,15540035,1,1,0,224031602
4110044,學園偶像s Thanksgiving Festival Gather Everyone 招募,4110044,4110044,1,1,2403207,4110044,4110044,4110044,,0,0,0,0,0,1,1,0,224032003
7110002,SIF Data Link Bonus 票券 招募,7110002,7110002,1,1,15,7110002,7110002,7110002,,0,0,1,0,15540001,1,1,0,223043003
7110003,SIFAS Data Link Bonus 票券 招募,7110003,7110003,1,1,15,7110003,7110003,7110003,,0,0,1,0,15540001,1,1,0,223071202
7110101,Global Launch SP 招募 ~Set 1~,7110101,7110101,1,1,15,7110101,7110101,7110101,,0,0,0,0,15570001,1,1,0,924020101
7110102,Global Launch SP 招募 ~Set 2~,7110102,7110102,1,1,15,7110102,7110102,7110102,,0,0,0,0,15570002,1,1,0,924021601
7110103,[Rerun]Global Launch SP 招募 ~Set 1~,7110103,7110103,1,1,15,7110103,7110103,7110103,,0,0,0,0,15570003,1,1,0,924031701
7110104,[Rerun]μ's Only！焦點招募,7110104,7110104,1,1,15,7110104,7110104,7110104,,0,0,0,0,15570004,1,1,0,924032501
7110105,[Rerun]Aqours Only！焦點招募,7110105,7110105,1,1,15,7110105,7110105,7110105,,0,0,0,0,15570005,1,1,0,924041701
7110106,[Rerun]Global Launch SP 招募 ~Set 2~,7110106,7110106,1,1,15,7110106,7110106,7110106,,0,0,0,0,15570006,1,1,0,924042401
7110107,[Rerun]UR Guaranteed！Special 招募！,7110107,7110107,1,1,15,7110107,7110107,7110107,,0,0,0,0,15570007,1,1,0,924050701
7110108,[Rerun]Love 歌曲 Carnival Commemorative 招募,7110108,7110108,1,1,15,7110108,7110108,7110108,,0,0,0,0,15570008,1,1,0,924052401
8110001,道具 招募,8110001,8110001,2,1,10,8110001,8110001,8110001,,0,0,0,0,0,1,1,0,1
8110002,道具 招募,8110002,8110002,2,1,10,8110002,8110002,8110002,,0,0,0,0,0,1,1,0,223101604
8110004,道具 招募,8110004,8110004,2,1,10,8110004,8110004,8110004,,0,0,0,0,0,1,1,0,224010108
8110005,道具 招募,8110005,8110005,2,1,10,8110005,8110005,8110005,,0,0,0,0,0,1,1,0,224020106
8110006,道具 招募,8110006,8110006,2,1,10,8110006,8110006,8110006,,0,0,0,0,0,1,1,0,224030115
9110001,Tutorial 招募: 高坂穗乃果,9110001,9110001,1,1,999,9110001,9110001,9110001,,0,0,1,0,0,100,2,0,1
9110002,Tutorial 招募: 絢瀨繪里,9110002,9110002,1,1,999,9110002,9110002,9110002,,0,0,1,0,0,100,2,0,1
9110003,Tutorial 招募: 南小鳥,9110003,9110003,1,1,999,9110003,9110003,9110003,,0,0,1,0,0,100,2,0,1
9110004,Tutorial 招募: 園田海未,9110004,9110004,1,1,999,9110004,9110004,9110004,,0,0,1,0,0,100,2,0,1
9110005,Tutorial 招募: 星空凜,9110005,9110005,1,1,999,9110005,9110005,9110005,,0,0,1,0,0,100,2,0,1
9110006,Tutorial 招募: 西木野真姬,9110006,9110006,1,1,999,9110006,9110006,9110006,,0,0,1,0,0,100,2,0,1
9110007,Tutorial 招募: 東條希,9110007,9110007,1,1,999,9110007,9110007,9110007,,0,0,1,0,0,100,2,0,1
9110008,Tutorial 招募: 小泉花陽,9110008,9110008,1,1,999,9110008,9110008,9110008,,0,0,1,0,0,100,2,0,1
9110009,Tutorial 招募: 矢澤妮可,9110009,9110009,1,1,999,9110009,9110009,9110009,,0,0,1,0,0,100,2,0,1
9110010,Tutorial 招募: 高海千歌,9110010,9110010,1,1,999,9110010,9110010,9110010,,0,0,1,0,0,200,2,0,1
9110011,Tutorial 招募: 櫻內梨子,9110011,9110011,1,1,999,9110011,9110011,9110011,,0,0,1,0,0,200,2,0,1
9110012,Tutorial 招募: 松浦果南,9110012,9110012,1,1,999,9110012,9110012,9110012,,0,0,1,0,0,200,2,0,1
9110013,Tutorial 招募: 黑澤黛雅,9110013,9110013,1,1,999,9110013,9110013,9110013,,0,0,1,0,0,200,2,0,1
9110014,Tutorial 招募: 渡邊曜,9110014,9110014,1,1,999,9110014,9110014,9110014,,0,0,1,0,0,200,2,0,1
9110015,Tutorial 招募: 津島善子,9110015,9110015,1,1,999,9110015,9110015,9110015,,0,0,1,0,0,200,2,0,1
9110016,Tutorial 招募: 國木田花丸,9110016,9110016,1,1,999,9110016,9110016,9110016,,0,0,1,0,0,200,2,0,1
9110017,Tutorial 招募: 小原鞠莉,9110017,9110017,1,1,999,9110017,9110017,9110017,,0,0,1,0,0,200,2,0,1
9110018,Tutorial 招募: 黑澤露比,9110018,9110018,1,1,999,9110018,9110018,9110018,,0,0,1,0,0,200,2,0,1
9110019,Tutorial 招募: 上原步夢,9110019,9110019,1,1,999,9110019,9110019,9110019,,0,0,1,0,0,300,2,0,1
9110020,Tutorial 招募: 中須霞,9110020,9110020,1,1,999,9110020,9110020,9110020,,0,0,1,0,0,300,2,0,1
9110021,Tutorial 招募: 櫻坂雫,9110021,9110021,1,1,999,9110021,9110021,9110021,,0,0,1,0,0,300,2,0,1
9110022,Tutorial 招募: 朝香果林,9110022,9110022,1,1,999,9110022,9110022,9110022,,0,0,1,0,0,300,2,0,1
9110023,Tutorial 招募: 宮下愛,9110023,9110023,1,1,999,9110023,9110023,9110023,,0,0,1,0,0,300,2,0,1
9110024,Tutorial 招募: 近江彼方,9110024,9110024,1,1,999,9110024,9110024,9110024,,0,0,1,0,0,300,2,0,1
9110025,Tutorial 招募: 優木雪菜,9110025,9110025,1,1,999,9110025,9110025,9110025,,0,0,1,0,0,300,2,0,1
9110026,Tutorial 招募: 艾瑪・維爾德,9110026,9110026,1,1,999,9110026,9110026,9110026,,0,0,1,0,0,300,2,0,1
9110027,Tutorial 招募: 天王寺璃奈,9110027,9110027,1,1,999,9110027,9110027,9110027,,0,0,1,0,0,300,2,0,1
9110028,Tutorial 招募: 三船栞子,9110028,9110028,1,1,999,9110028,9110028,9110028,,0,0,1,0,0,300,2,0,1
9110029,Tutorial 招募: 米雅・泰勒,9110029,9110029,1,1,999,9110029,9110029,9110029,,0,0,1,0,0,300,2,0,1
9110030,Tutorial 招募: 鐘嵐珠,9110030,9110030,1,1,999,9110030,9110030,9110030,,0,0,1,0,0,300,2,0,1
9110031,Tutorial 招募: 澀谷香音,9110031,9110031,1,1,999,9110031,9110031,9110031,,0,0,1,0,0,400,2,0,1
9110032,Tutorial 招募: 唐可可,9110032,9110032,1,1,999,9110032,9110032,9110032,,0,0,1,0,0,400,2,0,1
9110033,Tutorial 招募: 嵐千砂都,9110033,9110033,1,1,999,9110033,9110033,9110033,,0,0,1,0,0,400,2,0,1
9110034,Tutorial 招募: 平安名堇,9110034,9110034,1,1,999,9110034,9110034,9110034,,0,0,1,0,0,400,2,0,1
9110035,Tutorial 招募: 葉月戀,9110035,9110035,1,1,999,9110035,9110035,9110035,,0,0,1,0,0,400,2,0,1
9110036,Tutorial 招募: 櫻小路希奈子,9110036,9110036,1,1,999,9110036,9110036,9110036,,0,0,1,0,0,400,2,0,1
9110037,Tutorial 招募: 米女芽衣,9110037,9110037,1,1,999,9110037,9110037,9110037,,0,0,1,0,0,400,2,0,1
9110038,Tutorial 招募: 若菜四季,9110038,9110038,1,1,999,9110038,9110038,9110038,,0,0,1,0,0,400,2,0,1
9110039,Tutorial 招募: 鬼塚夏美,9110039,9110039,1,1,999,9110039,9110039,9110039,,0,0,1,0,0,400,2,0,1
